gid,n,m,size,edges,density,iterations,time_sec,status
0,36,61,12,30,2.5,1,0.0161,OPTIMAL
1,41,197,15,82,5.466666666666667,1,0.3364,OPTIMAL
2,32,74,15,43,2.8666666666666667,1,0.0098,OPTIMAL
3,38,145,15,75,5.0,1,0.046,OPTIMAL
5,40,177,15,83,5.533333333333333,1,0.0434,OPTIMAL
9,39,115,15,56,3.7333333333333334,1,0.0165,OPTIMAL
10,43,170,15,69,4.6,1,0.1191,OPTIMAL
14,42,92,14,46,3.2857142857142856,1,0.0355,OPTIMAL
15,35,82,15,45,3.0,1,0.0108,OPTIMAL
16,37,83,15,41,2.7333333333333334,1,0.3133,OPTIMAL
21,34,91,15,54,3.6,1,0.011,OPTIMAL
22,49,227,15,81,5.4,1,0.5657,OPTIMAL
23,42,47,11,16,1.4545454545454546,1,0.0136,OPTIMAL
27,51,190,15,65,4.333333333333333,1,1.0174,OPTIMAL
28,52,165,15,57,3.8,1,0.3857,OPTIMAL
30,48,196,15,68,4.533333333333333,1,0.515,OPTIMAL
33,44,188,14,76,5.428571428571429,1,0.0208,OPTIMAL
34,40,156,15,66,4.4,1,0.0308,OPTIMAL
35,50,197,15,69,4.6,1,0.6286,OPTIMAL
36,30,81,14,48,3.4285714285714284,1,0.0065,OPTIMAL
38,34,79,14,40,2.857142857142857,2,0.0123,OPTIMAL
45,51,201,15,67,4.466666666666667,1,0.441,OPTIMAL
47,44,147,15,57,3.8,2,0.7014,OPTIMAL
50,51,191,15,81,5.4,1,0.051,OPTIMAL
55,32,167,15,68,4.533333333333333,1,0.7972,OPTIMAL
56,37,60,13,29,2.230769230769231,1,0.0201,OPTIMAL
57,43,49,9,15,1.6666666666666667,1,0.0135,OPTIMAL
58,51,215,15,89,5.933333333333334,1,1.1256,OPTIMAL
60,32,115,15,62,4.133333333333334,1,0.1684,OPTIMAL
61,35,77,15,47,3.1333333333333333,1,0.0069,OPTIMAL
62,32,149,15,83,5.533333333333333,1,0.0189,OPTIMAL
64,30,40,5,9,1.8,1,0.0053,OPTIMAL
66,35,56,13,32,2.4615384615384617,1,0.0059,OPTIMAL
68,38,74,13,34,2.6153846153846154,2,0.0165,OPTIMAL
69,47,219,15,89,5.933333333333334,1,0.2089,OPTIMAL
70,50,181,15,75,5.0,1,0.0541,OPTIMAL
71,35,83,15,52,3.466666666666667,1,0.0105,OPTIMAL
72,44,78,13,30,2.3076923076923075,1,0.0147,OPTIMAL
73,30,35,11,16,1.4545454545454546,1,0.0074,OPTIMAL
74,31,133,15,72,4.8,1,0.0243,OPTIMAL
77,33,96,15,55,3.6666666666666665,1,0.019,OPTIMAL
81,31,74,14,37,2.642857142857143,2,0.0293,OPTIMAL
83,41,86,15,42,2.8,1,0.0205,OPTIMAL
84,48,173,15,70,4.666666666666667,1,0.3564,OPTIMAL
86,34,210,15,100,6.666666666666667,1,0.0783,OPTIMAL
89,37,83,12,37,3.0833333333333335,1,0.0138,OPTIMAL
92,33,151,15,73,4.866666666666666,1,0.3094,OPTIMAL
94,36,70,12,37,3.0833333333333335,1,0.0101,OPTIMAL
95,30,69,10,33,3.3,1,0.0093,OPTIMAL
96,50,224,15,76,5.066666666666666,1,1.0115,OPTIMAL
97,49,201,15,68,4.533333333333333,1,1.0071,OPTIMAL
100,35,62,12,31,2.5833333333333335,1,0.0068,OPTIMAL
104,41,135,15,61,4.066666666666666,2,0.0202,OPTIMAL
105,36,151,15,80,5.333333333333333,1,0.0206,OPTIMAL
109,45,105,15,41,2.7333333333333334,1,0.1574,OPTIMAL
110,37,110,14,58,4.142857142857143,1,0.0099,OPTIMAL
111,39,129,14,60,4.285714285714286,1,0.0107,OPTIMAL
113,48,222,15,88,5.866666666666666,1,0.3674,OPTIMAL
114,48,262,15,78,5.2,2,1.733,OPTIMAL
115,47,398,15,101,6.733333333333333,1,2.4247,OPTIMAL
116,35,170,15,80,5.333333333333333,1,0.0116,OPTIMAL
118,51,126,15,62,4.133333333333334,1,0.0114,OPTIMAL
121,35,51,8,16,2.0,1,0.0054,OPTIMAL
122,45,74,11,27,2.4545454545454546,1,0.0205,OPTIMAL
125,36,120,15,67,4.466666666666667,1,0.0245,OPTIMAL
127,47,133,15,53,3.533333333333333,1,0.0412,OPTIMAL
129,46,211,15,96,6.4,1,0.1062,OPTIMAL
131,50,171,15,51,3.4,1,1.6982,OPTIMAL
132,42,66,11,27,2.4545454545454546,2,0.0249,OPTIMAL
134,48,166,14,62,4.428571428571429,1,0.0279,OPTIMAL
136,33,63,13,36,2.769230769230769,1,0.0097,OPTIMAL
139,45,217,15,81,5.4,1,1.3318,OPTIMAL
140,51,197,15,60,4.0,1,1.1861,OPTIMAL
141,48,218,15,78,5.2,1,0.534,OPTIMAL
142,51,128,15,65,4.333333333333333,1,0.0778,OPTIMAL
143,49,235,15,80,5.333333333333333,1,0.2757,OPTIMAL
144,30,72,10,33,3.3,1,0.006,OPTIMAL
145,45,133,15,60,4.0,1,0.0217,OPTIMAL
146,45,186,15,69,4.6,1,0.0506,OPTIMAL
150,34,101,15,60,4.0,1,0.0087,OPTIMAL
151,44,450,15,104,6.933333333333334,2,2.003,OPTIMAL
154,37,192,15,95,6.333333333333333,1,0.0747,OPTIMAL
157,51,293,15,91,6.066666666666666,1,1.1901,OPTIMAL
158,44,81,11,27,2.4545454545454546,2,0.0165,OPTIMAL
159,43,101,12,38,3.1666666666666665,3,0.0898,OPTIMAL
161,38,181,15,96,6.4,2,0.1645,OPTIMAL
162,31,120,15,66,4.4,1,0.0566,OPTIMAL
165,35,123,11,43,3.909090909090909,1,0.237,OPTIMAL
168,49,254,15,75,5.0,2,2.1444,OPTIMAL
173,32,42,12,19,1.5833333333333333,2,0.014,OPTIMAL
174,37,208,15,85,5.666666666666667,1,0.3117,OPTIMAL
177,48,90,10,27,2.7,2,0.036,OPTIMAL
181,44,191,15,73,4.866666666666666,1,0.1029,OPTIMAL
182,47,153,15,61,4.066666666666666,1,0.0198,OPTIMAL
188,50,146,15,59,3.933333333333333,2,0.08,OPTIMAL
190,35,160,15,99,6.6,1,0.0163,OPTIMAL
192,49,59,9,16,1.7777777777777777,2,0.0267,OPTIMAL
195,30,102,13,60,4.615384615384615,2,0.0192,OPTIMAL
196,35,86,13,40,3.076923076923077,1,0.0107,OPTIMAL
197,34,78,13,41,3.1538461538461537,1,0.0104,OPTIMAL
198,39,213,15,84,5.6,1,0.2336,OPTIMAL
200,48,106,13,41,3.1538461538461537,1,0.0113,OPTIMAL
202,51,105,13,47,3.6153846153846154,1,0.0244,OPTIMAL
204,48,154,15,65,4.333333333333333,1,0.263,OPTIMAL
205,38,204,15,97,6.466666666666667,1,0.1302,OPTIMAL
206,33,91,15,59,3.933333333333333,1,0.0176,OPTIMAL
209,39,104,13,47,3.6153846153846154,1,0.0155,OPTIMAL
210,30,78,11,35,3.1818181818181817,1,0.0099,OPTIMAL
213,30,53,10,25,2.5,1,0.0087,OPTIMAL
215,37,254,15,102,6.8,1,0.7684,OPTIMAL
219,39,43,5,8,1.6,1,0.0099,OPTIMAL
220,32,79,15,44,2.933333333333333,1,0.0105,OPTIMAL
223,50,78,10,24,2.4,1,0.0174,OPTIMAL
225,42,73,12,31,2.5833333333333335,1,0.0144,OPTIMAL
226,50,165,15,58,3.8666666666666667,2,0.4811,OPTIMAL
233,52,216,15,79,5.266666666666667,1,0.0422,OPTIMAL
234,47,159,15,56,3.7333333333333334,2,0.2991,OPTIMAL
238,47,110,15,46,3.066666666666667,2,0.1418,OPTIMAL
239,45,223,15,83,5.533333333333333,2,2.7703,OPTIMAL
242,50,109,15,41,2.7333333333333334,1,0.015,OPTIMAL
245,44,211,15,82,5.466666666666667,1,0.3479,OPTIMAL
248,35,82,13,41,3.1538461538461537,1,0.0069,OPTIMAL
251,47,81,10,29,2.9,1,0.0097,OPTIMAL
254,42,102,14,43,3.0714285714285716,3,0.2901,OPTIMAL
259,31,45,8,16,2.0,1,0.0055,OPTIMAL
260,39,138,15,73,4.866666666666666,1,0.0168,OPTIMAL
264,42,90,15,39,2.6,1,0.0298,OPTIMAL
266,31,115,15,62,4.133333333333334,1,0.3011,OPTIMAL
267,33,63,12,32,2.6666666666666665,1,0.0095,OPTIMAL
272,41,81,12,33,2.75,1,0.0169,OPTIMAL
275,34,96,15,47,3.1333333333333333,2,0.0273,OPTIMAL
279,30,57,11,28,2.5454545454545454,2,0.0151,OPTIMAL
281,39,130,15,63,4.2,2,0.2009,OPTIMAL
282,42,147,15,78,5.2,1,0.0305,OPTIMAL
283,51,266,15,87,5.8,1,0.0798,OPTIMAL
284,40,116,14,43,3.0714285714285716,3,0.208,OPTIMAL
285,38,157,15,82,5.466666666666667,1,0.0613,OPTIMAL
286,38,171,15,76,5.066666666666666,1,0.2402,OPTIMAL
287,35,121,15,57,3.8,2,0.3565,OPTIMAL
290,47,90,14,33,2.357142857142857,2,0.0305,OPTIMAL
292,31,139,15,94,6.266666666666667,1,0.0318,OPTIMAL
293,47,133,15,66,4.4,1,0.026,OPTIMAL
294,45,183,15,98,6.533333333333333,1,0.0301,OPTIMAL
296,50,221,15,81,5.4,2,1.044,OPTIMAL
297,35,92,10,32,3.2,2,0.0159,OPTIMAL
299,39,100,15,48,3.2,1,0.0197,OPTIMAL
301,52,158,15,70,4.666666666666667,2,0.3835,OPTIMAL
302,34,122,12,51,4.25,1,0.7326,OPTIMAL
304,41,108,15,60,4.0,1,0.016,OPTIMAL
307,41,45,9,13,1.4444444444444444,1,0.0128,OPTIMAL
309,50,368,15,96,6.4,1,2.6044,OPTIMAL
310,45,115,14,55,3.9285714285714284,2,0.0306,OPTIMAL
311,38,113,15,64,4.266666666666667,1,0.0316,OPTIMAL
316,44,104,10,43,4.3,1,0.0168,OPTIMAL
317,43,42,15,14,0.9333333333333333,1,0.0129,OPTIMAL
320,47,71,10,23,2.3,1,0.0155,OPTIMAL
321,30,51,9,22,2.4444444444444446,1,0.0085,OPTIMAL
322,37,66,8,24,3.0,1,0.0103,OPTIMAL
324,44,189,15,82,5.466666666666667,1,0.5202,OPTIMAL
333,39,140,15,76,5.066666666666666,1,0.0163,OPTIMAL
335,40,234,15,90,6.0,1,0.2156,OPTIMAL
336,51,201,15,72,4.8,1,0.0419,OPTIMAL
338,35,88,13,41,3.1538461538461537,1,0.0075,OPTIMAL
340,45,246,15,90,6.0,1,0.6534,OPTIMAL
341,48,131,15,58,3.8666666666666667,1,0.0188,OPTIMAL
342,46,323,15,97,6.466666666666667,1,2.6906,OPTIMAL
343,43,94,14,43,3.0714285714285716,1,0.0349,OPTIMAL
344,32,104,12,53,4.416666666666667,1,0.0072,OPTIMAL
346,46,185,15,67,4.466666666666667,2,1.4046,OPTIMAL
347,35,100,14,54,3.857142857142857,2,0.0261,OPTIMAL
348,50,143,14,54,3.857142857142857,2,0.561,OPTIMAL
349,47,156,15,61,4.066666666666666,1,0.6094,OPTIMAL
352,46,110,15,54,3.6,1,0.0311,OPTIMAL
353,41,99,14,46,3.2857142857142856,1,0.0925,OPTIMAL
354,51,171,15,67,4.466666666666667,1,0.5193,OPTIMAL
355,39,74,14,36,2.5714285714285716,1,0.0129,OPTIMAL
356,35,94,15,58,3.8666666666666667,1,0.0093,OPTIMAL
357,43,265,15,94,6.266666666666667,1,1.2144,OPTIMAL
358,45,264,15,85,5.666666666666667,1,1.236,OPTIMAL
360,39,171,15,66,4.4,1,0.3718,OPTIMAL
363,45,69,12,28,2.3333333333333335,1,0.0094,OPTIMAL
367,40,127,15,58,3.8666666666666667,1,0.2952,OPTIMAL
374,34,61,8,19,2.375,1,0.0064,OPTIMAL
376,44,111,15,46,3.066666666666667,2,0.2879,OPTIMAL
378,36,71,9,24,2.6666666666666665,1,0.0067,OPTIMAL
379,38,118,15,59,3.933333333333333,1,0.0097,OPTIMAL
380,52,344,15,82,5.466666666666667,1,2.0776,OPTIMAL
381,37,375,15,104,6.933333333333334,1,3.5157,OPTIMAL
382,41,276,15,96,6.4,1,1.2037,OPTIMAL
384,50,389,15,97,6.466666666666667,1,5.3167,OPTIMAL
385,37,220,15,89,5.933333333333334,1,1.0117,OPTIMAL
388,48,333,15,80,5.333333333333333,1,2.4729,OPTIMAL
389,50,120,13,70,5.384615384615385,1,0.0114,OPTIMAL
393,46,173,15,78,5.2,1,0.0124,OPTIMAL
394,40,141,15,80,5.333333333333333,1,0.0361,OPTIMAL
395,36,128,14,57,4.071428571428571,2,0.0848,OPTIMAL
396,36,338,15,102,6.8,2,2.3948,OPTIMAL
398,44,168,15,70,4.666666666666667,1,0.9481,OPTIMAL
401,46,141,15,55,3.6666666666666665,1,0.2711,OPTIMAL
405,49,225,15,77,5.133333333333334,1,0.0648,OPTIMAL
408,30,54,12,26,2.1666666666666665,1,0.0052,OPTIMAL
412,33,85,12,37,3.0833333333333335,1,0.0064,OPTIMAL
413,37,85,15,41,2.7333333333333334,2,0.0141,OPTIMAL
416,49,401,15,94,6.266666666666667,1,2.5461,OPTIMAL
419,31,112,13,66,5.076923076923077,1,0.0075,OPTIMAL
420,47,125,12,49,4.083333333333333,1,0.0168,OPTIMAL
422,52,181,15,72,4.8,1,0.0331,OPTIMAL
424,45,285,15,91,6.066666666666666,1,0.6664,OPTIMAL
425,31,43,11,20,1.8181818181818181,2,0.0086,OPTIMAL
427,32,50,11,26,2.3636363636363638,1,0.0052,OPTIMAL
429,42,202,15,73,4.866666666666666,2,2.9076,OPTIMAL
430,42,281,15,88,5.866666666666666,2,2.9778,OPTIMAL
431,51,144,14,64,4.571428571428571,1,0.0128,OPTIMAL
435,44,174,15,77,5.133333333333334,1,0.1591,OPTIMAL
436,48,213,15,79,5.266666666666667,1,0.2264,OPTIMAL
437,32,167,15,81,5.4,1,0.2047,OPTIMAL
439,43,62,11,26,2.3636363636363638,1,0.0088,OPTIMAL
440,49,298,15,95,6.333333333333333,1,1.0958,OPTIMAL
442,34,163,15,71,4.733333333333333,2,0.3755,OPTIMAL
443,36,162,15,80,5.333333333333333,1,0.0352,OPTIMAL
445,50,230,15,86,5.733333333333333,1,0.0422,OPTIMAL
446,47,46,15,14,0.9333333333333333,1,0.0087,OPTIMAL
450,36,58,9,25,2.7777777777777777,1,0.0062,OPTIMAL
454,50,140,15,82,5.466666666666667,1,0.0123,OPTIMAL
458,44,277,15,92,6.133333333333334,1,1.3356,OPTIMAL
461,31,112,15,64,4.266666666666667,1,0.0184,OPTIMAL
464,40,54,15,27,1.8,1,0.009,OPTIMAL
466,37,96,12,39,3.25,1,0.0162,OPTIMAL
468,48,78,12,27,2.25,1,0.0096,OPTIMAL
469,33,178,15,101,6.733333333333333,1,0.047,OPTIMAL
471,37,112,15,59,3.933333333333333,1,0.3905,OPTIMAL
473,33,69,15,40,2.6666666666666665,1,0.0194,OPTIMAL
476,44,131,13,57,4.384615384615385,2,0.0444,OPTIMAL
481,49,135,14,48,3.4285714285714284,2,0.2746,OPTIMAL
482,32,62,15,35,2.3333333333333335,1,0.0097,OPTIMAL
485,38,112,14,57,4.071428571428571,1,0.0506,OPTIMAL
486,31,68,15,41,2.7333333333333334,1,0.0188,OPTIMAL
487,31,62,14,35,2.5,1,0.0185,OPTIMAL
489,36,171,15,74,4.933333333333334,2,0.981,OPTIMAL
490,50,70,9,21,2.3333333333333335,1,0.0333,OPTIMAL
492,45,48,7,10,1.4285714285714286,1,0.0141,OPTIMAL
493,50,298,15,92,6.133333333333334,1,1.9651,OPTIMAL
498,50,172,15,62,4.133333333333334,2,0.0421,OPTIMAL
500,44,118,14,65,4.642857142857143,1,0.0172,OPTIMAL
502,39,65,15,30,2.0,1,0.0132,OPTIMAL
504,40,82,10,32,3.2,1,0.014,OPTIMAL
508,47,403,15,103,6.866666666666666,1,1.8765,OPTIMAL
511,48,89,14,47,3.357142857142857,1,0.0099,OPTIMAL
512,36,132,14,61,4.357142857142857,1,0.0095,OPTIMAL
514,50,146,15,66,4.4,1,0.012,OPTIMAL
515,51,62,9,15,1.6666666666666667,1,0.0098,OPTIMAL
516,33,69,15,41,2.7333333333333334,1,0.0091,OPTIMAL
517,37,249,15,95,6.333333333333333,1,1.0142,OPTIMAL
519,35,87,10,37,3.7,1,0.0124,OPTIMAL
528,38,272,15,104,6.933333333333334,1,0.111,OPTIMAL
536,49,216,15,83,5.533333333333333,1,0.2989,OPTIMAL
538,31,107,15,60,4.0,1,0.0426,OPTIMAL
541,36,70,10,35,3.5,1,0.0106,OPTIMAL
551,37,117,15,52,3.466666666666667,1,0.1355,OPTIMAL
552,38,101,13,42,3.230769230769231,2,0.0451,OPTIMAL
553,51,97,11,31,2.8181818181818183,1,0.0181,OPTIMAL
556,32,37,8,13,1.625,1,0.0085,OPTIMAL
562,42,195,15,84,5.6,1,0.6199,OPTIMAL
564,42,256,15,82,5.466666666666667,2,3.0133,OPTIMAL
568,34,56,10,23,2.3,1,0.0057,OPTIMAL
570,33,200,15,98,6.533333333333333,1,0.1026,OPTIMAL
571,38,163,15,89,5.933333333333334,1,0.1146,OPTIMAL
572,50,84,9,20,2.2222222222222223,1,0.0239,OPTIMAL
575,34,122,15,70,4.666666666666667,1,0.0223,OPTIMAL
576,52,179,13,67,5.153846153846154,1,0.0161,OPTIMAL
578,33,53,15,28,1.8666666666666667,1,0.0057,OPTIMAL
580,41,89,11,35,3.1818181818181817,2,0.0162,OPTIMAL
584,38,212,15,87,5.8,1,1.0351,OPTIMAL
585,32,104,15,58,3.8666666666666667,1,0.0178,OPTIMAL
586,31,72,9,28,3.111111111111111,1,0.0095,OPTIMAL
590,33,71,15,37,2.466666666666667,1,0.0655,OPTIMAL
592,44,87,15,42,2.8,2,0.028,OPTIMAL
593,33,118,15,67,4.466666666666667,1,0.1067,OPTIMAL
594,44,268,15,91,6.066666666666666,1,1.7722,OPTIMAL
595,36,121,15,61,4.066666666666666,1,0.0374,OPTIMAL
596,40,96,13,47,3.6153846153846154,1,0.015,OPTIMAL
597,42,100,12,42,3.5,2,0.2374,OPTIMAL
600,31,116,15,59,3.933333333333333,1,0.3351,OPTIMAL
601,38,126,15,65,4.333333333333333,1,0.0524,OPTIMAL
603,31,87,14,47,3.357142857142857,2,0.0306,OPTIMAL
605,30,110,15,64,4.266666666666667,1,0.2568,OPTIMAL
609,37,135,14,71,5.071428571428571,1,0.0172,OPTIMAL
610,40,323,15,105,7.0,1,0.0362,OPTIMAL
611,42,75,14,33,2.357142857142857,2,0.0468,OPTIMAL
613,51,100,15,50,3.3333333333333335,1,0.0185,OPTIMAL
616,51,106,15,39,2.6,2,0.0608,OPTIMAL
618,35,80,11,43,3.909090909090909,1,0.011,OPTIMAL
619,47,171,15,71,4.733333333333333,1,0.3494,OPTIMAL
621,52,373,15,102,6.8,1,0.4904,OPTIMAL
622,40,156,15,63,4.2,1,0.5378,OPTIMAL
623,42,202,15,83,5.533333333333333,1,0.2676,OPTIMAL
632,35,73,15,41,2.7333333333333334,1,0.0101,OPTIMAL
633,43,139,15,72,4.8,1,0.0307,OPTIMAL
634,41,64,10,23,2.3,1,0.0137,OPTIMAL
635,39,62,6,13,2.1666666666666665,1,0.0136,OPTIMAL
637,30,76,13,43,3.3076923076923075,1,0.0097,OPTIMAL
638,40,235,15,87,5.8,2,0.8222,OPTIMAL
642,39,122,15,54,3.6,1,0.5785,OPTIMAL
644,34,62,12,27,2.25,1,0.0099,OPTIMAL
653,30,109,15,65,4.333333333333333,1,0.0401,OPTIMAL
654,46,76,15,30,2.0,1,0.0158,OPTIMAL
655,40,62,9,21,2.3333333333333335,1,0.0137,OPTIMAL
659,30,75,12,40,3.3333333333333335,1,0.0101,OPTIMAL
660,32,109,15,64,4.266666666666667,1,0.0196,OPTIMAL
662,37,143,15,71,4.733333333333333,1,0.1948,OPTIMAL
663,31,99,15,57,3.8,1,0.0644,OPTIMAL
664,48,86,14,35,2.5,2,0.0374,OPTIMAL
666,38,98,15,56,3.7333333333333334,1,0.0151,OPTIMAL
667,39,77,11,44,4.0,1,0.0138,OPTIMAL
669,31,40,10,17,1.7,2,0.014,OPTIMAL
672,52,292,15,83,5.533333333333333,1,1.4514,OPTIMAL
673,52,367,15,105,7.0,2,0.544,OPTIMAL
674,41,121,15,60,4.0,1,0.0416,OPTIMAL
675,31,63,13,35,2.6923076923076925,2,0.0162,OPTIMAL
678,40,152,15,75,5.0,1,0.1675,OPTIMAL
679,30,70,15,41,2.7333333333333334,1,0.0132,OPTIMAL
680,37,127,15,62,4.133333333333334,2,0.437,OPTIMAL
681,50,96,15,42,2.8,2,0.0321,OPTIMAL
683,41,115,15,49,3.2666666666666666,1,0.1363,OPTIMAL
686,33,40,8,13,1.625,2,0.0099,OPTIMAL
688,45,142,15,63,4.2,1,0.1279,OPTIMAL
689,33,95,15,58,3.8666666666666667,1,0.0073,OPTIMAL
691,30,106,14,69,4.928571428571429,1,0.007,OPTIMAL
695,52,184,15,86,5.733333333333333,1,0.0459,OPTIMAL
696,46,124,15,55,3.6666666666666665,1,0.1564,OPTIMAL
697,34,107,15,58,3.8666666666666667,1,0.0144,OPTIMAL
702,44,173,15,66,4.4,1,0.3567,OPTIMAL
704,47,80,13,34,2.6153846153846154,2,0.0317,OPTIMAL
708,51,73,13,30,2.3076923076923075,1,0.0105,OPTIMAL
709,36,107,14,58,4.142857142857143,1,0.0226,OPTIMAL
711,41,139,15,76,5.066666666666666,1,0.0127,OPTIMAL
712,41,91,10,32,3.2,1,0.0341,OPTIMAL
716,47,289,15,96,6.4,1,1.4194,OPTIMAL
717,32,108,15,65,4.333333333333333,1,0.0116,OPTIMAL
718,46,152,15,64,4.266666666666667,1,0.0454,OPTIMAL
719,32,123,15,72,4.8,1,0.0342,OPTIMAL
720,45,375,15,98,6.533333333333333,1,2.0556,OPTIMAL
721,33,63,9,27,3.0,1,0.0096,OPTIMAL
725,44,137,15,74,4.933333333333334,1,0.0212,OPTIMAL
726,31,74,15,44,2.933333333333333,2,0.0167,OPTIMAL
727,42,93,15,40,2.6666666666666665,1,0.0198,OPTIMAL
729,33,124,15,73,4.866666666666666,1,0.0289,OPTIMAL
732,36,85,11,32,2.909090909090909,2,0.0362,OPTIMAL
735,33,64,13,33,2.5384615384615383,1,0.0096,OPTIMAL
737,49,187,15,74,4.933333333333334,1,0.8824,OPTIMAL
740,47,138,15,60,4.0,1,0.0312,OPTIMAL
741,44,166,15,83,5.533333333333333,1,0.0244,OPTIMAL
743,42,143,15,67,4.466666666666667,1,0.0195,OPTIMAL
744,35,133,15,67,4.466666666666667,1,0.0377,OPTIMAL
747,42,166,15,82,5.466666666666667,1,0.0424,OPTIMAL
748,52,340,15,105,7.0,1,0.0241,OPTIMAL
750,42,200,15,82,5.466666666666667,1,0.0744,OPTIMAL
752,41,67,13,31,2.3846153846153846,1,0.02,OPTIMAL
757,37,155,15,73,4.866666666666666,2,0.2338,OPTIMAL
758,44,149,15,61,4.066666666666666,1,0.067,OPTIMAL
759,31,30,15,14,0.9333333333333333,1,0.0077,OPTIMAL
760,47,483,15,103,6.866666666666666,1,6.3404,OPTIMAL
761,36,71,15,39,2.6,1,0.0101,OPTIMAL
762,43,145,15,73,4.866666666666666,1,0.0239,OPTIMAL
764,50,158,15,63,4.2,1,0.248,OPTIMAL
766,37,75,13,38,2.923076923076923,1,0.0086,OPTIMAL
769,34,159,15,82,5.466666666666667,1,0.0263,OPTIMAL
779,31,124,15,81,5.4,1,0.0094,OPTIMAL
780,35,63,12,26,2.1666666666666665,1,0.0061,OPTIMAL
782,31,62,11,37,3.3636363636363638,1,0.0056,OPTIMAL
783,52,197,15,76,5.066666666666666,1,0.0394,OPTIMAL
784,37,71,10,27,2.7,2,0.0116,OPTIMAL
788,34,95,14,44,3.142857142857143,1,0.09,OPTIMAL
789,32,68,14,35,2.5,2,0.0182,OPTIMAL
790,48,153,15,62,4.133333333333334,1,0.0193,OPTIMAL
792,43,42,15,14,0.9333333333333333,1,0.008,OPTIMAL
793,42,243,15,90,6.0,2,1.3673,OPTIMAL
794,41,128,15,58,3.8666666666666667,2,0.0318,OPTIMAL
795,41,288,15,102,6.8,1,0.3752,OPTIMAL
796,41,99,15,40,2.6666666666666665,1,0.3653,OPTIMAL
797,43,233,15,85,5.666666666666667,2,0.2196,OPTIMAL
798,48,152,15,70,4.666666666666667,1,0.0212,OPTIMAL
799,46,135,15,58,3.8666666666666667,1,0.0192,OPTIMAL
800,38,150,15,73,4.866666666666666,1,0.0182,OPTIMAL
801,48,254,15,79,5.266666666666667,2,3.1092,OPTIMAL
806,35,44,9,16,1.7777777777777777,2,0.0101,OPTIMAL
811,41,219,15,79,5.266666666666667,2,2.1968,OPTIMAL
812,35,60,10,23,2.3,1,0.0062,OPTIMAL
813,30,65,15,43,2.8666666666666667,1,0.0055,OPTIMAL
816,42,85,12,31,2.5833333333333335,2,0.108,OPTIMAL
818,31,103,15,69,4.6,1,0.0113,OPTIMAL
819,41,144,15,58,3.8666666666666667,2,0.0571,OPTIMAL
820,37,57,15,30,2.0,1,0.0059,OPTIMAL
823,32,146,15,75,5.0,1,0.1373,OPTIMAL
825,34,166,15,86,5.733333333333333,1,0.0834,OPTIMAL
833,34,46,9,19,2.111111111111111,1,0.0063,OPTIMAL
835,32,119,15,66,4.4,1,0.0174,OPTIMAL
836,51,153,13,50,3.8461538461538463,2,0.3147,OPTIMAL
838,43,126,15,59,3.933333333333333,1,0.0158,OPTIMAL
842,48,149,15,60,4.0,1,0.0254,OPTIMAL
843,37,105,11,45,4.090909090909091,1,0.0155,OPTIMAL
844,38,114,15,69,4.6,1,0.0225,OPTIMAL
845,42,115,15,50,3.3333333333333335,1,0.1642,OPTIMAL
850,38,136,15,62,4.133333333333334,2,0.0818,OPTIMAL
852,42,95,9,29,3.2222222222222223,1,0.0165,OPTIMAL
855,50,175,15,73,4.866666666666666,1,0.0255,OPTIMAL
860,34,72,9,30,3.3333333333333335,1,0.0112,OPTIMAL
861,47,97,15,45,3.0,1,0.0512,OPTIMAL
864,36,67,15,38,2.533333333333333,1,0.0308,OPTIMAL
865,35,87,14,48,3.4285714285714284,1,0.0238,OPTIMAL
869,34,157,15,89,5.933333333333334,1,0.0333,OPTIMAL
873,34,74,13,46,3.5384615384615383,1,0.0111,OPTIMAL
877,50,210,15,76,5.066666666666666,1,0.6625,OPTIMAL
879,50,115,12,42,3.5,2,0.0363,OPTIMAL
880,33,57,13,28,2.1538461538461537,1,0.0106,OPTIMAL
883,35,136,15,77,5.133333333333334,1,0.0243,OPTIMAL
885,39,84,15,45,3.0,1,0.0183,OPTIMAL
886,36,132,15,62,4.133333333333334,1,0.0423,OPTIMAL
887,46,212,14,70,5.0,2,1.0039,OPTIMAL
889,42,54,13,23,1.7692307692307692,2,0.0252,OPTIMAL
892,35,158,15,81,5.4,1,0.0745,OPTIMAL
893,33,92,14,49,3.5,1,0.0243,OPTIMAL
895,33,75,15,42,2.8,1,0.113,OPTIMAL
901,37,68,12,34,2.8333333333333335,1,0.0105,OPTIMAL
902,33,130,13,65,5.0,1,0.0158,OPTIMAL
903,51,175,15,60,4.0,1,0.3236,OPTIMAL
905,39,170,15,87,5.8,1,0.2033,OPTIMAL
909,43,177,14,78,5.571428571428571,1,0.0198,OPTIMAL
911,32,92,15,58,3.8666666666666667,1,0.0111,OPTIMAL
916,37,76,12,31,2.5833333333333335,2,0.0241,OPTIMAL
917,38,123,15,55,3.6666666666666665,1,0.1828,OPTIMAL
920,39,116,15,58,3.8666666666666667,1,0.0106,OPTIMAL
924,49,274,15,86,5.733333333333333,1,1.4506,OPTIMAL
925,48,227,15,85,5.666666666666667,1,0.0696,OPTIMAL
926,46,108,13,56,4.3076923076923075,1,0.0175,OPTIMAL
927,36,181,15,82,5.466666666666667,1,0.3638,OPTIMAL
928,31,43,15,26,1.7333333333333334,2,0.0143,OPTIMAL
929,32,103,15,54,3.6,1,0.0207,OPTIMAL
930,44,172,15,86,5.733333333333333,1,0.0289,OPTIMAL
932,46,233,15,94,6.266666666666667,1,0.2518,OPTIMAL
933,32,71,15,42,2.8,2,0.0727,OPTIMAL
934,40,92,11,36,3.272727272727273,1,0.0152,OPTIMAL
939,35,111,12,54,4.5,1,0.0152,OPTIMAL
943,37,108,15,51,3.4,1,0.0438,OPTIMAL
944,49,133,15,55,3.6666666666666665,1,0.0288,OPTIMAL
946,46,122,13,46,3.5384615384615383,2,0.3619,OPTIMAL
949,30,49,15,28,1.8666666666666667,1,0.0084,OPTIMAL
950,30,62,14,34,2.4285714285714284,2,0.0198,OPTIMAL
952,38,82,10,27,2.7,1,0.0384,OPTIMAL
953,32,84,13,42,3.230769230769231,1,0.0108,OPTIMAL
954,30,49,9,21,2.3333333333333335,1,0.0257,OPTIMAL
959,34,46,11,18,1.6363636363636365,2,0.0154,OPTIMAL
961,30,42,14,26,1.8571428571428572,1,0.0083,OPTIMAL
963,49,274,15,92,6.133333333333334,1,0.7229,OPTIMAL
966,50,75,13,31,2.3846153846153846,1,0.017,OPTIMAL
967,43,164,15,64,4.266666666666667,1,0.6326,OPTIMAL
969,39,155,15,68,4.533333333333333,1,1.0547,OPTIMAL
970,33,88,13,50,3.8461538461538463,1,0.0108,OPTIMAL
973,35,131,15,64,4.266666666666667,1,0.1373,OPTIMAL
974,30,38,8,13,1.625,2,0.014,OPTIMAL
976,52,178,15,68,4.533333333333333,1,0.0521,OPTIMAL
977,50,115,14,45,3.2142857142857144,1,0.0187,OPTIMAL
978,48,150,15,55,3.6666666666666665,1,0.3589,OPTIMAL
980,33,82,15,51,3.4,1,0.01,OPTIMAL
983,32,49,8,19,2.375,1,0.0059,OPTIMAL
984,46,184,15,92,6.133333333333334,1,0.0267,OPTIMAL
985,42,163,15,67,4.466666666666667,1,0.2031,OPTIMAL
986,52,142,15,55,3.6666666666666665,1,0.0248,OPTIMAL
987,32,47,15,29,1.9333333333333333,1,0.0088,OPTIMAL
988,30,95,15,58,3.8666666666666667,1,0.0111,OPTIMAL
994,30,44,15,26,1.7333333333333334,2,0.0424,OPTIMAL
998,49,138,15,51,3.4,1,0.0402,OPTIMAL
999,30,176,15,91,6.066666666666666,1,0.0711,OPTIMAL
1000,32,142,15,89,5.933333333333334,1,0.0767,OPTIMAL
1003,40,82,9,27,3.0,1,0.0145,OPTIMAL
1008,48,237,15,91,6.066666666666666,1,0.3135,OPTIMAL
1012,34,156,15,77,5.133333333333334,1,0.1216,OPTIMAL
1017,41,110,15,45,3.0,2,0.2705,OPTIMAL
1020,39,147,15,58,3.8666666666666667,2,0.5679,OPTIMAL
1021,38,119,14,58,4.142857142857143,2,0.2316,OPTIMAL
1025,33,66,11,26,2.3636363636363638,2,0.0723,OPTIMAL
1026,44,110,15,48,3.2,1,0.0175,OPTIMAL
1027,37,58,15,29,1.9333333333333333,2,0.0317,OPTIMAL
1031,50,179,15,65,4.333333333333333,1,0.0485,OPTIMAL
1033,52,329,15,87,5.8,1,3.2499,OPTIMAL
1036,43,102,15,41,2.7333333333333334,2,0.0467,OPTIMAL
1041,46,90,15,42,2.8,1,0.016,OPTIMAL
1043,41,141,15,57,3.8,2,0.2886,OPTIMAL
1046,36,176,15,84,5.6,1,0.1921,OPTIMAL
1048,51,265,15,95,6.333333333333333,1,0.7229,OPTIMAL
1052,34,60,10,26,2.6,1,0.006,OPTIMAL
1053,47,304,15,85,5.666666666666667,2,2.1708,OPTIMAL
1054,41,175,15,72,4.8,2,0.0598,OPTIMAL
1055,38,171,15,79,5.266666666666667,1,0.0447,OPTIMAL
1056,42,101,15,47,3.1333333333333333,1,0.01,OPTIMAL
1057,44,50,13,19,1.4615384615384615,1,0.0079,OPTIMAL
1061,37,210,15,92,6.133333333333334,1,0.1915,OPTIMAL
1062,41,147,15,61,4.066666666666666,2,0.2606,OPTIMAL
1063,51,197,15,78,5.2,1,0.6426,OPTIMAL
1064,36,176,15,71,4.733333333333333,1,0.5101,OPTIMAL
