gid,n,m,opt_size,opt_density,pred_size,pred_density,alg_size,alg_density,topk_density,eps_hat,symdiff_rel,l1_rel,alg_ms,e2e_ms
0,36,61,12,2.5,5,1.4,10,2.2,2.2666666666666666,0.4484294871794871,0.5833333333333334,0.5183333333333334,0.00246,0.146148
1,41,197,15,5.466666666666667,26,5.615384615384615,15,5.466666666666667,3.933333333333333,0.4484294871794871,0.7333333333333333,0.8206666666666667,0.014939,0.358534
2,32,74,15,2.8666666666666667,9,2.2222222222222223,15,2.7333333333333334,2.7333333333333334,0.4484294871794871,0.6666666666666666,0.5846666666666667,0.00593,0.249136
3,38,145,15,5.0,20,4.8,15,5.0,4.666666666666667,0.4484294871794871,0.4666666666666667,0.4580000000000001,0.01145,0.345324
5,40,177,15,5.533333333333333,21,5.190476190476191,15,5.533333333333333,5.4,0.4686814227439228,0.4,0.5239999999999999,0.01779,0.451802
9,39,115,15,3.7333333333333334,15,3.2666666666666666,15,3.7333333333333334,3.2666666666666666,0.4538612429237429,0.26666666666666666,0.4293333333333333,0.00984,0.392213
10,43,170,15,4.6,12,3.9166666666666665,15,4.6,4.2,0.4686814227439228,0.2,0.44599999999999995,0.00985,0.361964
14,42,92,14,3.2857142857142856,9,2.888888888888889,15,3.2,3.2666666666666666,0.4538612429237429,0.5,0.475,0.006039,0.228426
15,35,82,15,3.0,14,3.0,15,3.0,3.0,0.4538612429237429,0.06666666666666667,0.29933333333333334,0.00787,0.261086
16,37,83,15,2.7333333333333334,11,2.0,15,2.7333333333333334,2.466666666666667,0.4686814227439228,0.5333333333333333,0.6293333333333333,0.00654,0.309835
21,34,91,15,3.6,16,3.4375,15,3.6,3.4,0.4686814227439228,0.2,0.26799999999999996,0.00923,0.280815
22,49,227,15,5.4,15,5.266666666666667,15,5.4,5.266666666666667,0.4484294871794871,0.13333333333333333,0.5213333333333333,0.01354,0.431242
23,42,47,11,1.4545454545454546,1,0.0,2,0.5,1.0666666666666667,0.4484294871794871,0.9090909090909091,0.9036363636363636,0.001349,0.085429
27,51,190,15,4.333333333333333,9,3.111111111111111,15,4.333333333333333,3.6666666666666665,0.48408813408813406,0.4,0.63,0.009979,0.466582
28,52,165,15,3.8,9,1.8888888888888888,15,3.6,2.6,0.48408813408813406,0.6666666666666666,0.7580000000000001,0.009589,0.396994
30,48,196,15,4.533333333333333,16,3.8125,15,4.533333333333333,3.466666666666667,0.48408813408813406,0.4666666666666667,0.6166666666666668,0.0162,0.433512
33,44,188,14,5.428571428571429,21,4.809523809523809,15,5.333333333333333,4.466666666666667,0.48408813408813406,0.5,0.7514285714285714,0.017049,0.448963
34,40,156,15,4.4,21,4.190476190476191,15,4.4,3.933333333333333,0.4484294871794871,0.6666666666666666,0.7346666666666667,0.01496,0.472802
35,50,197,15,4.6,20,4.45,15,4.6,3.533333333333333,0.4686814227439228,0.6,0.828,0.014249,0.449433
36,30,81,14,3.4285714285714284,17,3.3529411764705883,15,3.3333333333333335,3.1333333333333333,0.48408813408813406,0.21428571428571427,0.30428571428571427,0.00833,0.175107
38,34,79,14,2.857142857142857,12,2.5833333333333335,15,2.8,2.8,0.4484294871794871,0.5714285714285714,0.5807142857142856,0.007689,0.272046
45,51,201,15,4.466666666666667,17,3.7058823529411766,15,4.466666666666667,3.6666666666666665,0.4686814227439228,0.5333333333333333,0.7613333333333333,0.01351,0.430633
47,44,147,15,3.8,14,3.0,15,3.7333333333333334,3.2,0.4412303321678321,0.6,0.7386666666666667,0.01074,0.439392
50,51,191,15,5.4,20,5.6,15,5.4,5.333333333333333,0.4484294871794871,0.3333333333333333,0.41000000000000003,0.01395,0.345904
55,32,167,15,4.533333333333333,16,4.5625,15,4.533333333333333,4.4,0.4538612429237429,0.3333333333333333,0.6113333333333333,0.0135,0.233366
56,37,60,13,2.230769230769231,2,0.5,4,1.25,2.1333333333333333,0.4538612429237429,0.8461538461538461,0.6730769230769231,0.00218,0.178357
57,43,49,9,1.6666666666666667,1,0.0,2,0.5,1.2,0.48408813408813406,0.8888888888888888,0.838888888888889,0.00193,0.110378
58,51,215,15,5.933333333333334,17,6.176470588235294,15,5.933333333333334,5.533333333333333,0.4538612429237429,0.13333333333333333,0.4433333333333334,0.01147,0.313624
60,32,115,15,4.133333333333334,16,4.125,15,4.133333333333334,4.0,0.4686814227439228,0.2,0.4226666666666666,0.00897,0.276925
61,35,77,15,3.1333333333333333,13,2.8461538461538463,15,3.1333333333333333,3.0,0.4484294871794871,0.26666666666666666,0.34800000000000003,0.00631,0.230256
62,32,149,15,5.533333333333333,19,5.526315789473684,15,5.533333333333333,5.066666666666666,0.4484294871794871,0.26666666666666666,0.34,0.00991,0.233216
64,30,40,5,1.8,4,0.75,8,1.75,1.4,0.48408813408813406,0.6,0.6519999999999999,0.00291,0.082939
66,35,56,13,2.4615384615384617,10,2.2,15,2.3333333333333335,2.2666666666666666,0.4412303321678321,0.23076923076923078,0.30692307692307697,0.00472,0.149318
68,38,74,13,2.6153846153846154,5,1.8,10,2.4,2.3333333333333335,0.4538612429237429,0.6153846153846154,0.5584615384615385,0.00271,0.247106
69,47,219,15,5.933333333333334,18,5.611111111111111,15,5.933333333333334,5.533333333333333,0.4686814227439228,0.2,0.5119999999999999,0.013449,0.450233
70,50,181,15,5.0,18,3.2777777777777777,15,5.0,3.0,0.4538612429237429,1.0,0.9466666666666667,0.01311,0.406533
71,35,83,15,3.466666666666667,11,2.727272727272727,15,3.466666666666667,3.4,0.4686814227439228,0.26666666666666666,0.31,0.00625,0.250216
72,44,78,13,2.3076923076923075,3,1.0,6,2.0,2.0,0.4484294871794871,0.7692307692307693,0.7838461538461539,0.00285,0.221546
73,30,35,11,1.4545454545454546,1,0.0,2,0.5,1.1333333333333333,0.4484294871794871,0.9090909090909091,0.9009090909090908,0.00118,0.059949
74,31,133,15,4.8,18,4.888888888888889,15,4.8,4.533333333333333,0.4412303321678321,0.2,0.4513333333333334,0.00943,0.244956
77,33,96,15,3.6666666666666665,18,3.388888888888889,15,3.6666666666666665,3.1333333333333333,0.48408813408813406,0.3333333333333333,0.4033333333333333,0.01084,0.269936
81,31,74,14,2.642857142857143,11,2.1818181818181817,15,2.533333333333333,2.4,0.48408813408813406,0.6428571428571429,0.6799999999999999,0.005609,0.245906
83,41,86,15,2.8,13,2.5384615384615383,15,2.8,2.6666666666666665,0.4412303321678321,0.26666666666666666,0.4186666666666667,0.006719,0.280706
84,48,173,15,4.666666666666667,14,3.142857142857143,15,4.6,3.2,0.4538612429237429,0.7333333333333333,0.9079999999999999,0.0115,0.415293
86,34,210,15,6.666666666666667,18,6.666666666666667,15,6.666666666666667,6.6,0.4686814227439228,0.2,0.43333333333333335,0.011909,0.226146
89,37,83,12,3.0833333333333335,10,2.6,15,3.066666666666667,2.8666666666666667,0.4412303321678321,0.3333333333333333,0.5158333333333334,0.00657,0.279055
92,33,151,15,4.866666666666666,26,4.8076923076923075,15,4.866666666666666,4.2,0.48408813408813406,0.7333333333333333,0.6953333333333334,0.012329,0.312385
94,36,70,12,3.0833333333333335,12,3.0833333333333335,15,3.0,2.933333333333333,0.48408813408813406,0.0,0.2816666666666667,0.00574,0.223606
95,30,69,10,3.3,12,3.1666666666666665,15,3.1333333333333333,3.066666666666667,0.48408813408813406,0.2,0.543,0.00617,0.183877
96,50,224,15,5.066666666666666,16,4.75,15,5.066666666666666,4.666666666666667,0.4484294871794871,0.3333333333333333,0.6186666666666666,0.01712,0.450052
97,49,201,15,4.533333333333333,10,2.8,15,4.533333333333333,3.3333333333333335,0.4686814227439228,0.6,0.7386666666666667,0.01047,0.400313
100,35,62,12,2.5833333333333335,7,1.8571428571428572,13,2.5384615384615383,2.3333333333333335,0.4538612429237429,0.4166666666666667,0.3983333333333334,0.00298,0.197687
104,41,135,15,4.066666666666666,13,3.3076923076923075,15,3.933333333333333,3.533333333333333,0.4484294871794871,0.6666666666666666,0.7080000000000001,0.0072,0.425233
105,36,151,15,5.333333333333333,24,5.166666666666667,15,5.333333333333333,4.666666666666667,0.4412303321678321,0.6,0.5539999999999999,0.01218,0.284105
109,45,105,15,2.7333333333333334,7,1.0,14,1.7142857142857142,1.7333333333333334,0.48408813408813406,1.2,0.9933333333333333,0.00393,0.404373
110,37,110,14,4.142857142857143,15,3.7333333333333334,15,4.133333333333334,3.7333333333333334,0.4686814227439228,0.35714285714285715,0.5742857142857142,0.00772,0.358484
111,39,129,14,4.285714285714286,14,4.071428571428571,15,4.266666666666667,4.066666666666666,0.4412303321678321,0.14285714285714285,0.3685714285714286,0.00881,0.351854
113,48,222,15,5.866666666666666,23,5.913043478260869,15,5.866666666666666,5.466666666666667,0.4484294871794871,0.6666666666666666,0.6839999999999999,0.017759,0.394663
114,48,262,15,5.2,18,5.055555555555555,15,5.133333333333334,5.0,0.48408813408813406,0.4666666666666667,0.744,0.015749,0.470702
115,47,398,15,6.733333333333333,13,5.538461538461538,15,6.666666666666667,6.2,0.4484294871794871,0.8,0.8626666666666666,0.01403,0.277735
116,35,170,15,5.333333333333333,21,5.238095238095238,15,5.333333333333333,4.733333333333333,0.4412303321678321,0.5333333333333333,0.6300000000000001,0.01195,0.342074
118,51,126,15,4.133333333333334,14,3.7142857142857144,15,4.133333333333334,3.6,0.4412303321678321,0.2,0.3433333333333334,0.0082,0.304854
121,35,51,8,2.0,1,0.0,2,0.5,1.6,0.4412303321678321,0.875,0.6637500000000001,0.00152,0.127117
122,45,74,11,2.4545454545454546,4,1.25,8,2.125,2.2,0.4538612429237429,0.6363636363636364,0.6681818181818182,0.00273,0.204416
125,36,120,15,4.466666666666667,15,4.266666666666667,15,4.466666666666667,4.266666666666667,0.4686814227439228,0.26666666666666666,0.4046666666666667,0.00909,0.331494
127,47,133,15,3.533333333333333,13,2.923076923076923,15,3.533333333333333,3.066666666666667,0.4412303321678321,0.4,0.5640000000000001,0.01247,0.446732
129,46,211,15,6.4,18,7.0,15,6.4,6.4,0.4538612429237429,0.2,0.3366666666666666,0.01101,0.266416
131,50,171,15,3.4,13,2.769230769230769,15,3.2666666666666666,2.933333333333333,0.4412303321678321,0.6666666666666666,0.8806666666666667,0.01096,0.440793
132,42,66,11,2.4545454545454546,7,1.7142857142857142,13,2.1538461538461537,2.066666666666667,0.4412303321678321,0.7272727272727273,0.8209090909090908,0.00324,0.210697
134,48,166,14,4.428571428571429,22,3.772727272727273,15,4.4,3.6666666666666665,0.4538612429237429,0.5714285714285714,0.8164285714285715,0.01597,0.430253
136,33,63,13,2.769230769230769,7,2.4285714285714284,13,2.769230769230769,2.6,0.4412303321678321,0.46153846153846156,0.4515384615384616,0.00232,0.207136
139,45,217,15,5.4,13,4.461538461538462,15,5.4,4.666666666666667,0.4686814227439228,0.26666666666666666,0.41466666666666663,0.01117,0.352644
140,51,197,15,4.0,11,2.090909090909091,15,4.0,3.1333333333333333,0.48408813408813406,0.8,0.8546666666666666,0.01168,0.399943
141,48,218,15,5.2,15,5.066666666666666,15,5.2,5.066666666666666,0.4538612429237429,0.13333333333333333,0.5273333333333334,0.0121,0.384603
142,51,128,15,4.333333333333333,15,4.266666666666667,15,4.333333333333333,4.266666666666667,0.48408813408813406,0.13333333333333333,0.37466666666666665,0.00891,0.282215
143,49,235,15,5.333333333333333,12,4.333333333333333,15,5.333333333333333,4.2,0.4686814227439228,0.2,0.35133333333333316,0.010849,0.287305
144,30,72,10,3.3,11,3.090909090909091,15,3.066666666666667,2.933333333333333,0.4484294871794871,0.1,0.352,0.00517,0.187177
145,45,133,15,4.0,15,3.3333333333333335,15,4.0,3.3333333333333335,0.48408813408813406,0.5333333333333333,0.63,0.01105,0.418052
146,45,186,15,4.6,19,3.789473684210526,15,4.6,3.2666666666666666,0.4412303321678321,0.9333333333333333,0.9253333333333332,0.0155,0.482172
150,34,101,15,4.0,19,3.736842105263158,15,4.0,4.0,0.4484294871794871,0.26666666666666666,0.3393333333333333,0.01022,0.306455
151,44,450,15,6.933333333333334,15,6.733333333333333,15,6.866666666666666,6.733333333333333,0.4538612429237429,0.26666666666666666,0.7880000000000003,0.020479,0.210447
154,37,192,15,6.333333333333333,18,6.722222222222222,15,6.333333333333333,5.866666666666666,0.4412303321678321,0.2,0.30333333333333334,0.01058,0.228186
157,51,293,15,6.066666666666666,16,6.1875,15,6.066666666666666,5.866666666666666,0.4538612429237429,0.2,0.5246666666666667,0.016929,0.350734
158,44,81,11,2.4545454545454546,2,0.5,4,1.25,2.2,0.4484294871794871,0.8181818181818182,0.6981818181818181,0.00338,0.238736
159,43,101,12,3.1666666666666665,14,2.642857142857143,15,3.0,2.7333333333333334,0.4484294871794871,0.5,0.6749999999999999,0.008529,0.347594
161,38,181,15,6.4,18,7.055555555555555,15,6.266666666666667,6.333333333333333,0.4538612429237429,0.2,0.266,0.011179,0.184737
162,31,120,15,4.4,17,4.235294117647059,15,4.4,4.4,0.4538612429237429,0.26666666666666666,0.3806666666666666,0.00898,0.287645
165,35,123,11,3.909090909090909,22,4.363636363636363,15,3.8666666666666667,3.7333333333333334,0.4412303321678321,1.0,0.9090909090909091,0.01209,0.281615
168,49,254,15,5.0,22,5.318181818181818,15,4.733333333333333,4.133333333333334,0.4686814227439228,0.7333333333333333,1.082,0.01982,0.434942
173,32,42,12,1.5833333333333333,1,0.0,2,0.5,1.4666666666666666,0.4484294871794871,0.9166666666666666,0.7824999999999999,0.001549,0.079999
174,37,208,15,5.666666666666667,16,5.1875,15,5.666666666666667,5.2,0.4538612429237429,0.4666666666666667,0.6826666666666665,0.01207,0.399513
177,48,90,10,2.7,11,1.6363636363636365,15,2.466666666666667,2.066666666666667,0.4686814227439228,1.5,1.052,0.00831,0.289315
181,44,191,15,4.866666666666666,18,4.277777777777778,15,4.866666666666666,4.2,0.4686814227439228,0.6,0.744,0.013649,0.445393
182,47,153,15,4.066666666666666,13,3.230769230769231,15,4.066666666666666,3.533333333333333,0.4484294871794871,0.4,0.5253333333333333,0.008409,0.455953
188,50,146,15,3.933333333333333,12,3.0833333333333335,15,3.8666666666666667,3.3333333333333335,0.48408813408813406,0.4666666666666667,0.604,0.00897,0.406883
190,35,160,15,6.6,18,6.166666666666667,15,6.6,6.6,0.4412303321678321,0.2,0.34933333333333333,0.01066,0.257295
192,49,59,9,1.7777777777777777,1,0.0,2,0.5,1.2,0.4484294871794871,0.8888888888888888,0.8644444444444443,0.00198,0.102088
195,30,102,13,4.615384615384615,16,4.3125,15,4.533333333333333,4.2,0.4686814227439228,0.38461538461538464,0.46307692307692305,0.0083,0.180977
196,35,86,13,3.076923076923077,13,2.769230769230769,15,3.066666666666667,3.0,0.4686814227439228,0.46153846153846156,0.5546153846153846,0.00759,0.307705
197,34,78,13,3.1538461538461537,18,3.0,15,3.066666666666667,3.0,0.4538612429237429,0.38461538461538464,0.44000000000000006,0.00987,0.240195
198,39,213,15,5.6,18,5.222222222222222,15,5.6,4.866666666666666,0.4412303321678321,0.3333333333333333,0.6373333333333332,0.012629,0.375374
200,48,106,13,3.1538461538461537,6,1.5,12,2.9166666666666665,2.7333333333333334,0.4686814227439228,0.6923076923076923,0.7223076923076925,0.003659,0.304095
202,51,105,13,3.6153846153846154,6,2.1666666666666665,12,3.5833333333333335,3.466666666666667,0.4686814227439228,0.5384615384615384,0.5738461538461538,0.0037,0.233156
204,48,154,15,4.333333333333333,17,4.352941176470588,15,4.333333333333333,4.2,0.4412303321678321,0.13333333333333333,0.43599999999999994,0.01119,0.365924
205,38,204,15,6.466666666666667,16,6.75,15,6.466666666666667,6.4,0.4686814227439228,0.06666666666666667,0.3373333333333334,0.012269,0.335095
206,33,91,15,3.933333333333333,16,3.9375,15,3.933333333333333,3.8666666666666667,0.48408813408813406,0.06666666666666667,0.228,0.0084,0.253685
209,39,104,13,3.6153846153846154,12,3.0833333333333335,15,3.533333333333333,3.066666666666667,0.4686814227439228,0.38461538461538464,0.5438461538461538,0.00727,0.380093
210,30,78,11,3.1818181818181817,19,3.0526315789473686,15,3.1333333333333333,2.8666666666666667,0.4686814227439228,0.7272727272727273,0.6400000000000001,0.00852,0.206176
213,30,53,10,2.5,8,2.375,15,2.3333333333333335,2.3333333333333335,0.4412303321678321,0.2,0.49499999999999994,0.00213,0.116138
215,37,254,15,6.8,21,8.19047619047619,15,6.8,6.6,0.4412303321678321,0.4,0.5386666666666666,0.013469,0.239036
219,39,43,5,1.6,1,0.0,2,0.5,1.1333333333333333,0.48408813408813406,0.8,0.6359999999999999,0.00198,0.090989
220,32,79,15,2.933333333333333,14,2.857142857142857,15,2.933333333333333,2.933333333333333,0.48408813408813406,0.2,0.3513333333333332,0.00808,0.289435
223,50,78,10,2.4,4,1.25,8,2.25,2.2666666666666666,0.4412303321678321,0.6,0.617,0.00339,0.204957
225,42,73,12,2.5833333333333335,5,1.6,10,2.5,2.4,0.48408813408813406,0.5833333333333334,0.5499999999999999,0.00254,0.244216
226,50,165,15,3.8666666666666667,9,2.6666666666666665,15,3.8,3.533333333333333,0.4686814227439228,0.5333333333333333,0.7106666666666667,0.00876,0.414403
233,52,216,15,5.266666666666667,23,4.826086956521739,15,5.266666666666667,4.066666666666666,0.4412303321678321,0.6666666666666666,0.8333333333333334,0.01684,0.393773
234,47,159,15,3.7333333333333334,23,3.6956521739130435,15,3.6666666666666665,3.2666666666666666,0.4538612429237429,0.6666666666666666,0.892,0.016209,0.500012
238,47,110,15,3.066666666666667,13,2.1538461538461537,15,2.7333333333333334,2.3333333333333335,0.4484294871794871,1.0666666666666667,0.872,0.00811,0.294395
239,45,223,15,5.533333333333333,16,5.6875,15,5.466666666666667,5.4,0.48408813408813406,0.06666666666666667,0.5346666666666667,0.01362,0.401613
242,50,109,15,2.7333333333333334,5,1.0,9,2.3333333333333335,2.4,0.4412303321678321,0.8,0.8113333333333334,0.00368,0.327485
245,44,211,15,5.466666666666667,14,4.857142857142857,15,5.466666666666667,4.8,0.4484294871794871,0.2,0.42200000000000004,0.00992,0.364233
248,35,82,13,3.1538461538461537,7,2.142857142857143,13,3.1538461538461537,3.1333333333333333,0.4412303321678321,0.46153846153846156,0.4346153846153846,0.00287,0.217217
251,47,81,10,2.9,4,1.5,8,2.75,2.3333333333333335,0.48408813408813406,0.6,0.573,0.00284,0.228596
254,42,102,14,3.0714285714285716,17,2.8823529411764706,15,3.0,2.8,0.4412303321678321,0.35714285714285715,0.6514285714285715,0.00997,0.377504
259,31,45,8,2.0,3,0.6666666666666666,6,1.3333333333333333,1.8666666666666667,0.4686814227439228,0.875,0.55375,0.00257,0.088948
260,39,138,15,4.866666666666666,15,4.866666666666666,15,4.866666666666666,4.866666666666666,0.4686814227439228,0.13333333333333333,0.26466666666666666,0.009809,0.280896
264,42,90,15,2.6,6,1.8333333333333333,11,2.1818181818181817,2.0,0.4412303321678321,0.6,0.6513333333333334,0.0032,0.286755
266,31,115,15,4.133333333333334,16,4.0,15,4.133333333333334,4.066666666666666,0.4538612429237429,0.3333333333333333,0.4026666666666667,0.01,0.270175
267,33,63,12,2.6666666666666665,10,2.4,15,2.533333333333333,2.4,0.4686814227439228,0.16666666666666666,0.3266666666666666,0.00485,0.154008
272,41,81,12,2.75,8,2.5,15,2.533333333333333,2.3333333333333335,0.4686814227439228,0.3333333333333333,0.6383333333333334,0.00516,0.289245
275,34,96,15,3.1333333333333333,15,2.933333333333333,15,3.066666666666667,2.933333333333333,0.4538612429237429,0.26666666666666666,0.4753333333333334,0.00737,0.333444
279,30,57,11,2.5454545454545454,10,2.4,15,2.4,2.3333333333333335,0.48408813408813406,0.09090909090909091,0.2718181818181818,0.00485,0.139588
281,39,130,15,4.2,18,4.0,15,4.133333333333334,3.7333333333333334,0.4484294871794871,0.7333333333333333,0.6793333333333333,0.00981,0.365824
282,42,147,15,5.2,15,4.933333333333334,15,5.2,4.933333333333334,0.48408813408813406,0.13333333333333333,0.2786666666666667,0.01011,0.349344
283,51,266,15,5.8,14,4.428571428571429,15,5.8,4.8,0.4538612429237429,0.4666666666666667,0.6133333333333333,0.01416,0.310005
284,40,116,14,3.0714285714285716,12,2.5,15,3.0,2.533333333333333,0.48408813408813406,0.42857142857142855,0.7650000000000002,0.00928,0.388613
285,38,157,15,5.466666666666667,17,5.529411764705882,15,5.466666666666667,5.466666666666667,0.48408813408813406,0.13333333333333333,0.26666666666666666,0.01207,0.289055
286,38,171,15,5.066666666666666,13,4.461538461538462,15,5.066666666666666,4.666666666666667,0.4412303321678321,0.26666666666666666,0.5399999999999999,0.00888,0.339094
287,35,121,15,3.8,18,3.2222222222222223,15,3.7333333333333334,2.8666666666666667,0.48408813408813406,1.0,0.9066666666666667,0.01311,0.349334
290,47,90,14,2.357142857142857,9,1.6666666666666667,15,2.1333333333333333,2.1333333333333333,0.4412303321678321,0.5,0.6464285714285714,0.00603,0.278315
292,31,139,15,6.266666666666667,17,6.470588235294118,15,6.266666666666667,6.2,0.4412303321678321,0.13333333333333333,0.2253333333333333,0.00922,0.166287
293,47,133,15,4.4,13,3.923076923076923,15,4.4,4.266666666666667,0.48408813408813406,0.26666666666666666,0.33399999999999996,0.012699,0.340615
294,45,183,15,6.533333333333333,20,5.6,15,6.533333333333333,5.933333333333334,0.4412303321678321,0.3333333333333333,0.524,0.014,0.394113
296,50,221,15,5.4,27,5.444444444444445,15,5.133333333333334,4.533333333333333,0.4686814227439228,1.0666666666666667,1.1813333333333333,0.018649,0.349574
297,35,92,10,3.2,19,3.0526315789473686,15,3.0,2.8666666666666667,0.4538612429237429,0.9,0.8640000000000001,0.01081,0.304515
299,39,100,15,3.2,11,2.6363636363636362,15,3.2,2.6666666666666665,0.4686814227439228,0.4,0.6140000000000001,0.00651,0.341504
301,52,158,15,4.666666666666667,13,4.230769230769231,15,4.6,4.6,0.4538612429237429,0.5333333333333333,0.5760000000000001,0.009139,0.270556
302,34,122,12,4.25,21,4.380952380952381,15,4.2,4.066666666666666,0.4484294871794871,0.75,0.8433333333333334,0.0122,0.296705
304,41,108,15,4.0,11,3.8181818181818183,15,4.0,3.933333333333333,0.4412303321678321,0.26666666666666666,0.3433333333333334,0.006529,0.296415
307,41,45,9,1.4444444444444444,1,0.0,2,0.5,1.0666666666666667,0.48408813408813406,0.8888888888888888,0.8788888888888889,0.00152,0.084309
309,50,368,15,6.4,19,6.0,15,6.4,6.066666666666666,0.4412303321678321,0.5333333333333333,0.7873333333333332,0.02169,0.345254
310,45,115,14,3.9285714285714284,14,3.7857142857142856,15,3.8,3.8,0.4686814227439228,0.42857142857142855,0.5278571428571429,0.00812,0.312435
311,38,113,15,4.266666666666667,14,4.142857142857143,15,4.266666666666667,4.2,0.48408813408813406,0.2,0.268,0.00907,0.288535
316,44,104,10,4.3,10,3.7,15,3.466666666666667,3.466666666666667,0.4538612429237429,0.2,0.4839999999999999,0.00788,0.232326
317,43,42,15,0.9333333333333333,1,0.0,2,0.5,0.9333333333333333,0.4484294871794871,0.9333333333333333,0.9353333333333332,0.00145,0.076779
320,47,71,10,2.3,3,1.0,6,2.1666666666666665,1.8666666666666667,0.4686814227439228,0.7,0.6200000000000001,0.002509,0.127608
321,30,51,9,2.4444444444444446,7,1.8571428571428572,13,2.1538461538461537,2.1333333333333333,0.4484294871794871,0.2222222222222222,0.4200000000000001,0.00232,0.115518
322,37,66,8,3.0,8,3.0,15,2.2666666666666666,2.3333333333333335,0.4686814227439228,0.0,0.45875,0.00379,0.164547
324,44,189,15,5.466666666666667,23,6.0,15,5.466666666666667,5.2,0.4412303321678321,0.5333333333333333,0.5386666666666665,0.01557,0.398433
333,39,140,15,5.066666666666666,17,5.0,15,5.066666666666666,4.866666666666666,0.4412303321678321,0.26666666666666666,0.35333333333333333,0.00919,0.336835
335,40,234,15,6.0,15,5.933333333333334,15,6.0,5.933333333333334,0.4412303321678321,0.13333333333333333,0.44599999999999995,0.01094,0.308614
336,51,201,15,4.8,21,5.095238095238095,15,4.8,4.133333333333334,0.4538612429237429,0.4,0.5973333333333334,0.01561,0.392803
338,35,88,13,3.1538461538461537,15,2.8666666666666667,15,3.1333333333333333,2.8666666666666667,0.4686814227439228,0.6153846153846154,0.5969230769230769,0.00881,0.316084
340,45,246,15,6.0,17,6.0,15,6.0,5.866666666666666,0.48408813408813406,0.4,0.5100000000000001,0.016359,0.347884
341,48,131,15,3.8666666666666667,13,3.6923076923076925,15,3.8666666666666667,3.8,0.4538612429237429,0.13333333333333333,0.3653333333333333,0.00921,0.368744
342,46,323,15,6.466666666666667,17,6.764705882352941,15,6.466666666666667,5.8,0.4686814227439228,0.5333333333333333,0.7293333333333333,0.01619,0.256665
343,43,94,14,3.0714285714285716,7,1.8571428571428572,13,2.923076923076923,2.8666666666666667,0.4412303321678321,0.5,0.5914285714285714,0.00341,0.262616
344,32,104,12,4.416666666666667,13,4.076923076923077,15,4.333333333333333,3.933333333333333,0.4484294871794871,0.25,0.36833333333333323,0.00633,0.259145
346,46,185,15,4.466666666666667,19,4.526315789473684,15,4.4,3.7333333333333334,0.48408813408813406,0.5333333333333333,0.7379999999999999,0.01541,0.469042
347,35,100,14,3.857142857142857,13,3.5384615384615383,15,3.8,3.6666666666666665,0.4484294871794871,0.35714285714285715,0.4321428571428572,0.00696,0.302995
348,50,143,14,3.857142857142857,21,3.8095238095238093,15,3.7333333333333334,3.533333333333333,0.4538612429237429,0.6428571428571429,0.7421428571428571,0.01721,0.361934
349,47,156,15,4.066666666666666,20,4.05,15,4.066666666666666,3.8,0.4412303321678321,0.4666666666666667,0.5633333333333334,0.01319,0.460102
352,46,110,15,3.6,10,3.3,15,3.6,3.533333333333333,0.4686814227439228,0.3333333333333333,0.4126666666666667,0.00722,0.286115
353,41,99,14,3.2857142857142856,6,1.3333333333333333,12,2.3333333333333335,2.6,0.4686814227439228,0.7142857142857143,0.7700000000000001,0.00342,0.311074
354,51,171,15,4.466666666666667,19,4.2105263157894735,15,4.466666666666667,3.533333333333333,0.4538612429237429,0.4,0.634,0.013329,0.420963
355,39,74,14,2.5714285714285716,8,2.0,15,2.3333333333333335,2.066666666666667,0.4686814227439228,0.42857142857142855,0.64,0.00478,0.227606
356,35,94,15,3.8666666666666667,15,3.7333333333333334,15,3.8666666666666667,3.7333333333333334,0.4484294871794871,0.13333333333333333,0.25666666666666665,0.00897,0.287615
357,43,265,15,6.266666666666667,19,6.894736842105263,15,6.266666666666667,5.933333333333334,0.4538612429237429,0.26666666666666666,0.5146666666666666,0.016399,0.348504
358,45,264,15,5.666666666666667,14,5.428571428571429,15,5.666666666666667,5.666666666666667,0.4484294871794871,0.2,0.45933333333333326,0.01324,0.367314
360,39,171,15,4.4,14,3.642857142857143,15,4.4,3.6666666666666665,0.4412303321678321,0.7333333333333333,0.8306666666666666,0.00951,0.393163
363,45,69,12,2.3333333333333335,2,0.5,4,1.5,2.066666666666667,0.4484294871794871,0.8333333333333334,0.7875,0.00326,0.179257
367,40,127,15,3.8666666666666667,16,3.0,15,3.8666666666666667,2.8,0.4538612429237429,0.7333333333333333,0.7153333333333334,0.009739,0.377004
374,34,61,8,2.375,7,2.142857142857143,13,2.230769230769231,2.1333333333333333,0.4484294871794871,0.375,0.48124999999999996,0.00266,0.192897
376,44,111,15,3.066666666666667,13,2.6153846153846154,15,3.0,2.933333333333333,0.4538612429237429,0.4,0.566,0.00843,0.397283
378,36,71,9,2.6666666666666665,15,2.466666666666667,15,2.6,2.466666666666667,0.4686814227439228,0.8888888888888888,0.7733333333333333,0.00785,0.252196
379,38,118,15,3.933333333333333,7,2.7142857142857144,14,3.7142857142857144,3.8666666666666667,0.4686814227439228,0.5333333333333333,0.5066666666666666,0.003,0.287665
380,52,344,15,5.466666666666667,15,5.0,15,5.466666666666667,5.0,0.48408813408813406,0.26666666666666666,0.6233333333333334,0.02006,0.336044
381,37,375,15,6.933333333333334,26,10.73076923076923,15,6.933333333333334,6.666666666666667,0.4686814227439228,0.8666666666666667,0.8260000000000001,0.01652,0.170877
382,41,276,15,6.4,19,7.2105263157894735,15,6.4,6.4,0.4412303321678321,0.4,0.5653333333333334,0.01509,0.287055
384,50,389,15,6.466666666666667,15,6.066666666666666,15,6.466666666666667,6.066666666666666,0.4538612429237429,0.4,0.6153333333333334,0.0185,0.285905
385,37,220,15,5.933333333333334,19,6.7368421052631575,15,5.933333333333334,5.666666666666667,0.4686814227439228,0.26666666666666666,0.508,0.01436,0.269365
388,48,333,15,5.333333333333333,12,3.5,15,5.333333333333333,3.6666666666666665,0.4412303321678321,0.4666666666666667,0.6466666666666666,0.01277,0.272846
389,50,120,13,5.384615384615385,12,4.416666666666667,15,5.0,4.866666666666666,0.48408813408813406,0.23076923076923078,0.2561538461538462,0.00683,0.155197
393,46,173,15,5.2,14,3.857142857142857,15,5.2,4.0,0.4538612429237429,0.6,0.656,0.00943,0.428953
394,40,141,15,5.333333333333333,18,4.944444444444445,15,5.333333333333333,5.0,0.4484294871794871,0.3333333333333333,0.3853333333333333,0.01082,0.339734
395,36,128,14,4.071428571428571,12,3.3333333333333335,15,4.066666666666666,3.8666666666666667,0.4484294871794871,0.42857142857142855,0.5057142857142857,0.00705,0.284395
396,36,338,15,6.8,18,7.333333333333333,15,6.733333333333333,6.066666666666666,0.4484294871794871,0.4666666666666667,0.7773333333333333,0.01619,0.220626
398,44,168,15,4.666666666666667,14,4.071428571428571,15,4.666666666666667,4.2,0.4484294871794871,0.3333333333333333,0.482,0.01017,0.362004
401,46,141,15,3.6666666666666665,15,3.2,15,3.6666666666666665,3.2,0.4538612429237429,0.6666666666666666,0.6873333333333332,0.01006,0.414473
405,49,225,15,5.133333333333334,27,4.851851851851852,15,5.133333333333334,3.933333333333333,0.4538612429237429,1.0666666666666667,1.1326666666666665,0.019329,0.500712
408,30,54,12,2.1666666666666665,9,1.7777777777777777,15,2.066666666666667,2.066666666666667,0.4686814227439228,0.5833333333333334,0.5208333333333334,0.00392,0.146558
412,33,85,12,3.0833333333333335,16,2.875,15,2.8666666666666667,2.8,0.4538612429237429,0.5,0.6291666666666665,0.00904,0.265195
413,37,85,15,2.7333333333333334,10,1.9,15,2.6,2.2666666666666666,0.4484294871794871,0.8666666666666667,0.8146666666666665,0.00565,0.348204
416,49,401,15,6.266666666666667,13,5.384615384615385,15,6.266666666666667,6.2,0.4412303321678321,0.4,0.6566666666666667,0.017979,0.281916
419,31,112,13,5.076923076923077,17,4.647058823529412,15,5.066666666666666,4.533333333333333,0.48408813408813406,0.3076923076923077,0.3807692307692308,0.00886,0.217316
420,47,125,12,4.083333333333333,14,3.7857142857142856,15,4.066666666666666,3.8,0.4484294871794871,0.3333333333333333,0.6016666666666665,0.00879,0.328974
422,52,181,15,4.8,15,4.466666666666667,15,4.8,4.466666666666667,0.4412303321678321,0.26666666666666666,0.45866666666666667,0.010819,0.322715
424,45,285,15,6.066666666666666,11,4.2727272727272725,15,6.066666666666666,5.333333333333333,0.4538612429237429,0.4,0.43533333333333324,0.01302,0.277495
425,31,43,11,1.8181818181818181,3,0.6666666666666666,6,1.3333333333333333,1.6666666666666667,0.48408813408813406,0.7272727272727273,0.6572727272727272,0.00192,0.105439
427,32,50,11,2.3636363636363638,5,1.8,10,2.2,2.2,0.4484294871794871,0.5454545454545454,0.5345454545454547,0.00201,0.149818
429,42,202,15,4.866666666666666,16,4.875,15,4.8,4.533333333333333,0.4412303321678321,0.6,0.778,0.010779,0.358914
430,42,281,15,5.866666666666666,17,6.0,15,5.8,5.4,0.4538612429237429,0.26666666666666666,0.5713333333333335,0.013789,0.282956
431,51,144,14,4.571428571428571,12,3.9166666666666665,15,4.533333333333333,3.7333333333333334,0.48408813408813406,0.2857142857142857,0.55,0.0089,0.359873
435,44,174,15,5.133333333333334,20,5.0,15,5.133333333333334,4.333333333333333,0.4686814227439228,0.3333333333333333,0.5446666666666666,0.01491,0.417753
436,48,213,15,5.266666666666667,10,3.9,15,5.266666666666667,4.333333333333333,0.48408813408813406,0.3333333333333333,0.4666666666666667,0.012499,0.332255
437,32,167,15,5.4,18,5.833333333333333,15,5.4,5.4,0.4538612429237429,0.2,0.306,0.01011,0.226476
439,43,62,11,2.3636363636363638,3,1.0,6,2.0,2.1333333333333333,0.4538612429237429,0.7272727272727273,0.6618181818181817,0.00269,0.190887
440,49,298,15,6.333333333333333,19,6.7894736842105265,15,6.333333333333333,6.0,0.4412303321678321,0.4,0.606,0.01774,0.376514
442,34,163,15,4.733333333333333,17,4.647058823529412,15,4.666666666666667,4.666666666666667,0.4686814227439228,0.4,0.528,0.01204,0.295965
443,36,162,15,5.333333333333333,18,5.166666666666667,15,5.333333333333333,5.333333333333333,0.4484294871794871,0.3333333333333333,0.412,0.01294,0.327974
445,50,230,15,5.733333333333333,15,4.6,15,5.733333333333333,4.6,0.4412303321678321,0.5333333333333333,0.642,0.013859,0.398504
446,47,46,15,0.9333333333333333,1,0.0,2,0.5,0.9333333333333333,0.4484294871794871,0.9333333333333333,0.9353333333333332,0.00156,0.069719
450,36,58,9,2.7777777777777777,9,2.7777777777777777,15,2.066666666666667,2.2666666666666666,0.4412303321678321,0.0,0.21666666666666667,0.003279,0.117338
454,50,140,15,5.466666666666667,17,5.352941176470588,15,5.466666666666667,5.466666666666667,0.4686814227439228,0.13333333333333333,0.17266666666666666,0.0111,0.190636
458,44,277,15,6.133333333333334,16,6.25,15,6.133333333333334,6.066666666666666,0.4538612429237429,0.2,0.41000000000000003,0.01558,0.327804
461,31,112,15,4.266666666666667,15,4.066666666666666,15,4.266666666666667,4.066666666666666,0.4538612429237429,0.26666666666666666,0.3566666666666667,0.00766,0.249015
464,40,54,15,1.8,2,0.5,4,1.25,1.3333333333333333,0.4686814227439228,0.8666666666666667,0.8713333333333334,0.00204,0.090479
466,37,96,12,3.25,18,3.1666666666666665,15,3.1333333333333333,3.066666666666667,0.4484294871794871,0.6666666666666666,0.7983333333333332,0.01035,0.318654
468,48,78,12,2.25,3,0.6666666666666666,6,1.6666666666666667,2.2,0.4412303321678321,0.75,0.6975000000000001,0.00348,0.161728
469,33,178,15,6.733333333333333,17,7.235294117647059,15,6.733333333333333,6.733333333333333,0.4538612429237429,0.13333333333333333,0.21266666666666673,0.01275,0.187927
471,37,112,15,3.933333333333333,19,3.9473684210526314,15,3.933333333333333,3.8,0.4538612429237429,0.26666666666666666,0.398,0.01217,0.287125
473,33,69,15,2.6666666666666665,12,2.5,15,2.6666666666666665,2.6666666666666665,0.4538612429237429,0.3333333333333333,0.32799999999999996,0.00549,0.228116
476,44,131,13,4.384615384615385,12,4.0,15,4.333333333333333,3.8666666666666667,0.4538612429237429,0.38461538461538464,0.4876923076923077,0.00866,0.385803
481,49,135,14,3.4285714285714284,6,1.5,11,2.8181818181818183,3.066666666666667,0.4538612429237429,0.8571428571428571,0.812142857142857,0.01395,1.059992
482,32,62,15,2.3333333333333335,4,1.0,8,2.0,2.2,0.4538612429237429,0.8666666666666667,0.788,0.00319,0.117548
485,38,112,14,4.071428571428571,13,3.923076923076923,15,4.066666666666666,4.0,0.4484294871794871,0.21428571428571427,0.3449999999999999,0.00704,0.355084
486,31,68,15,2.7333333333333334,7,2.0,14,2.642857142857143,2.466666666666667,0.48408813408813406,0.6666666666666666,0.6166666666666666,0.00271,0.173387
487,31,62,14,2.5,10,2.0,15,2.466666666666667,2.2,0.4538612429237429,0.5714285714285714,0.675,0.00586,0.186187
489,36,171,15,4.933333333333334,21,5.0476190476190474,15,4.866666666666666,4.4,0.4484294871794871,0.8,0.804,0.013689,0.363304
490,50,70,9,2.3333333333333335,2,0.5,4,1.25,2.0,0.4484294871794871,0.7777777777777778,0.6466666666666667,0.002329,0.116188
492,45,48,7,1.4285714285714286,1,0.0,2,0.5,1.0,0.4538612429237429,0.8571428571428571,0.8542857142857143,0.00206,0.093879
493,50,298,15,6.133333333333334,18,6.611111111111111,15,6.133333333333334,6.066666666666666,0.4686814227439228,0.2,0.428,0.01699,0.351764
498,50,172,15,4.133333333333334,8,1.875,15,3.8666666666666667,3.4,0.4538612429237429,0.7333333333333333,0.696,0.004609,0.272316
500,44,118,14,4.642857142857143,13,4.615384615384615,15,4.6,4.466666666666667,0.4412303321678321,0.07142857142857142,0.19499999999999998,0.00783,0.294335
502,39,65,15,2.0,3,0.6666666666666666,6,1.8333333333333333,1.8666666666666667,0.4412303321678321,0.8,0.6839999999999999,0.00299,0.134648
504,40,82,10,3.2,8,3.0,15,2.8666666666666667,2.8666666666666667,0.48408813408813406,0.2,0.491,0.00429,0.254736
508,47,403,15,6.866666666666666,18,7.333333333333333,15,6.866666666666666,6.4,0.4484294871794871,0.4666666666666667,0.7446666666666668,0.019619,0.301625
511,48,89,14,3.357142857142857,5,1.8,10,3.0,2.8,0.4484294871794871,0.6428571428571429,0.6021428571428571,0.00278,0.187457
512,36,132,14,4.357142857142857,19,3.736842105263158,15,4.333333333333333,3.8,0.4538612429237429,0.7857142857142857,0.7478571428571428,0.01455,0.396153
514,50,146,15,4.4,12,2.9166666666666665,15,4.4,3.466666666666667,0.48408813408813406,0.7333333333333333,0.6460000000000001,0.00845,0.312595
515,51,62,9,1.6666666666666667,1,0.0,2,0.5,1.1333333333333333,0.4484294871794871,0.8888888888888888,0.8744444444444444,0.00203,0.091438
516,33,69,15,2.7333333333333334,11,2.1818181818181817,15,2.7333333333333334,2.7333333333333334,0.4412303321678321,0.4,0.478,0.00541,0.233146
517,37,249,15,6.333333333333333,20,6.25,15,6.333333333333333,5.866666666666666,0.48408813408813406,0.4666666666666667,0.616,0.01596,0.348014
519,35,87,10,3.7,12,3.5,15,3.466666666666667,3.066666666666667,0.48408813408813406,0.2,0.576,0.008289,0.343555
528,38,272,15,6.933333333333334,18,7.222222222222222,15,6.933333333333334,6.0,0.4484294871794871,0.2,0.4866666666666666,0.01344,0.213866
536,49,216,15,5.533333333333333,17,5.176470588235294,15,5.533333333333333,5.0,0.48408813408813406,0.5333333333333333,0.69,0.01492,0.402413
538,31,107,15,4.0,18,4.0,15,4.0,4.0,0.4412303321678321,0.2,0.34400000000000003,0.00879,0.265705
541,36,70,10,3.5,10,3.2,15,3.066666666666667,2.8,0.4686814227439228,0.2,0.29700000000000004,0.00563,0.160657
551,37,117,15,3.466666666666667,17,3.1176470588235294,15,3.466666666666667,2.933333333333333,0.4484294871794871,0.5333333333333333,0.6873333333333332,0.00962,0.401943
552,38,101,13,3.230769230769231,5,1.4,10,2.9,3.066666666666667,0.4686814227439228,0.7692307692307693,0.7307692307692307,0.00283,0.207376
553,51,97,11,2.8181818181818183,7,1.7142857142857142,14,2.642857142857143,2.3333333333333335,0.48408813408813406,0.5454545454545454,0.7363636363636364,0.00392,0.290765
556,32,37,8,1.625,2,0.5,4,1.25,1.2,0.48408813408813406,0.75,0.7525,0.00178,0.074519
562,42,195,15,5.6,21,4.761904761904762,15,5.6,4.266666666666667,0.48408813408813406,0.5333333333333333,0.6826666666666665,0.01684,0.401383
564,42,256,15,5.466666666666667,14,4.857142857142857,15,5.4,5.133333333333334,0.4412303321678321,0.6,0.7013333333333333,0.01267,0.346154
568,34,56,10,2.3,8,1.625,15,2.2,2.066666666666667,0.4484294871794871,0.4,0.484,0.00261,0.188597
570,33,200,15,6.533333333333333,19,6.578947368421052,15,6.533333333333333,5.8,0.4538612429237429,0.26666666666666666,0.4706666666666666,0.01353,0.242335
571,38,163,15,5.933333333333334,20,6.15,15,5.933333333333334,5.6,0.4412303321678321,0.3333333333333333,0.3966666666666666,0.014059,0.232366
572,50,84,9,2.2222222222222223,3,0.6666666666666666,6,1.8333333333333333,1.4,0.4538612429237429,0.6666666666666666,0.6966666666666667,0.00276,0.113848
575,34,122,15,4.666666666666667,13,4.0,15,4.666666666666667,4.133333333333334,0.48408813408813406,0.26666666666666666,0.4906666666666667,0.00696,0.334404
576,52,179,13,5.153846153846154,21,4.761904761904762,15,5.133333333333334,4.466666666666667,0.4412303321678321,0.6153846153846154,0.6730769230769232,0.014589,0.333945
578,33,53,15,1.8666666666666667,5,1.4,10,1.8,1.8,0.48408813408813406,0.6666666666666666,0.7140000000000001,0.0026,0.145138
580,41,89,11,3.1818181818181817,11,2.909090909090909,15,2.933333333333333,3.0,0.4484294871794871,0.18181818181818182,0.5236363636363636,0.006209,0.260566
584,38,212,15,5.8,22,6.2272727272727275,15,5.8,5.266666666666667,0.4412303321678321,0.6,0.5753333333333334,0.01451,0.313015
585,32,104,15,3.8666666666666667,15,3.7333333333333334,15,3.8666666666666667,3.7333333333333334,0.4412303321678321,0.13333333333333333,0.4073333333333332,0.00809,0.303065
586,31,72,9,3.111111111111111,14,2.7857142857142856,15,3.0,2.8666666666666667,0.4686814227439228,0.7777777777777778,0.6722222222222223,0.00711,0.220886
590,33,71,15,2.466666666666667,13,2.230769230769231,15,2.466666666666667,2.466666666666667,0.4484294871794871,0.26666666666666666,0.43000000000000005,0.00661,0.274515
592,44,87,15,2.8,12,2.3333333333333335,15,2.7333333333333334,2.6,0.4686814227439228,0.4666666666666667,0.512,0.00733,0.326974
593,33,118,15,4.466666666666667,18,4.444444444444445,15,4.466666666666667,4.266666666666667,0.4412303321678321,0.3333333333333333,0.44,0.00918,0.269635
594,44,268,15,6.066666666666666,18,6.444444444444445,15,6.066666666666666,5.733333333333333,0.4412303321678321,0.2,0.37799999999999995,0.01519,0.315394
595,36,121,15,4.066666666666666,9,1.8888888888888888,15,4.0,2.6,0.4484294871794871,0.5333333333333333,0.646,0.00581,0.311015
596,40,96,13,3.6153846153846154,12,3.5,15,3.466666666666667,3.3333333333333335,0.4538612429237429,0.07692307692307693,0.36692307692307696,0.00818,0.319994
597,42,100,12,3.5,9,2.6666666666666665,15,3.4,3.3333333333333335,0.4412303321678321,0.4166666666666667,0.6691666666666666,0.006119,0.271606
600,31,116,15,3.933333333333333,12,3.5833333333333335,15,3.933333333333333,3.6,0.4538612429237429,0.3333333333333333,0.5746666666666668,0.00767,0.249916
601,38,126,15,4.333333333333333,11,3.6363636363636362,15,4.333333333333333,4.2,0.4686814227439228,0.4,0.4486666666666667,0.00677,0.228226
603,31,87,14,3.357142857142857,22,3.090909090909091,15,3.3333333333333335,3.1333333333333333,0.4484294871794871,0.5714285714285714,0.5842857142857144,0.0085,0.263965
605,30,110,15,4.266666666666667,19,4.526315789473684,15,4.266666666666667,4.2,0.4412303321678321,0.26666666666666666,0.36533333333333334,0.00851,0.183367
609,37,135,14,5.071428571428571,21,4.333333333333333,15,4.933333333333334,4.533333333333333,0.4412303321678321,0.5,0.5221428571428571,0.01205,0.345534
610,40,323,15,7.0,19,7.368421052631579,15,7.0,6.8,0.4484294871794871,0.6666666666666666,0.7760000000000001,0.015799,0.273236
611,42,75,14,2.357142857142857,3,0.6666666666666666,6,1.3333333333333333,1.8666666666666667,0.4412303321678321,0.9285714285714286,0.912857142857143,0.0032,0.259435
613,51,100,15,3.3333333333333335,3,1.0,6,2.0,3.3333333333333335,0.4686814227439228,0.8,0.6206666666666666,0.00333,0.231616
616,51,106,15,2.6,5,1.0,10,2.0,2.2,0.4538612429237429,0.8,0.8200000000000001,0.00412,0.203156
618,35,80,11,3.909090909090909,12,3.6666666666666665,15,3.466666666666667,3.3333333333333335,0.48408813408813406,0.09090909090909091,0.36909090909090914,0.00573,0.196387
619,47,171,15,4.733333333333333,14,3.0714285714285716,15,4.733333333333333,3.466666666666667,0.4538612429237429,0.7333333333333333,0.6533333333333334,0.01039,0.419913
621,52,373,15,6.8,14,5.714285714285714,15,6.8,6.2,0.4484294871794871,0.4666666666666667,0.6673333333333333,0.01624,0.336604
622,40,156,15,4.2,17,4.0,15,4.2,4.0,0.4484294871794871,0.4,0.5946666666666666,0.01157,0.375793
623,42,202,15,5.533333333333333,19,4.894736842105263,15,5.533333333333333,4.0,0.4484294871794871,0.6666666666666666,0.72,0.013649,0.373414
632,35,73,15,2.7333333333333334,5,1.2,10,2.6,2.3333333333333335,0.4686814227439228,0.6666666666666666,0.6599999999999999,0.00281,0.203607
633,43,139,15,4.8,13,3.6153846153846154,15,4.8,3.933333333333333,0.4412303321678321,0.5333333333333333,0.532,0.008749,0.364134
634,41,64,10,2.3,7,2.142857142857143,13,2.230769230769231,2.1333333333333333,0.4484294871794871,0.3,0.46499999999999997,0.00287,0.195597
635,39,62,6,2.1666666666666665,4,1.5,8,2.125,2.0,0.4412303321678321,0.3333333333333333,0.5083333333333333,0.00218,0.162637
637,30,76,13,3.3076923076923075,12,3.1666666666666665,15,3.2666666666666666,3.2,0.4484294871794871,0.23076923076923078,0.36538461538461536,0.00589,0.190747
638,40,235,15,5.8,26,6.1923076923076925,15,5.733333333333333,4.533333333333333,0.4686814227439228,0.8666666666666667,0.8746666666666666,0.01578,0.337694
642,39,122,15,3.6,9,2.111111111111111,15,3.533333333333333,2.8,0.4538612429237429,0.6666666666666666,0.7006666666666668,0.0065,0.398333
644,34,62,12,2.25,5,1.6,10,2.0,2.2,0.4686814227439228,0.5833333333333334,0.6558333333333334,0.00294,0.192697
653,30,109,15,4.333333333333333,19,4.2631578947368425,15,4.333333333333333,3.6,0.48408813408813406,0.26666666666666666,0.4866666666666666,0.009479,0.216427
654,46,76,15,2.0,3,0.6666666666666666,6,1.6666666666666667,1.6666666666666667,0.4538612429237429,0.8,0.744,0.00269,0.159277
655,40,62,9,2.3333333333333335,4,1.5,8,2.125,1.8,0.4538612429237429,0.5555555555555556,0.6266666666666667,0.00255,0.174137
659,30,75,12,3.3333333333333335,15,3.1333333333333333,15,3.1333333333333333,3.1333333333333333,0.48408813408813406,0.25,0.41583333333333344,0.00883,0.202606
660,32,109,15,4.266666666666667,23,3.739130434782609,15,4.266666666666667,3.8,0.48408813408813406,0.6666666666666666,0.5666666666666667,0.01019,0.296925
662,37,143,15,4.733333333333333,20,4.7,15,4.733333333333333,4.4,0.4484294871794871,0.4666666666666667,0.49866666666666665,0.011579,0.342464
663,31,99,15,3.8,20,3.95,15,3.8,3.066666666666667,0.48408813408813406,0.3333333333333333,0.5313333333333333,0.00919,0.267405
664,48,86,14,2.5,6,1.1666666666666667,12,2.4166666666666665,2.2666666666666666,0.4686814227439228,0.5714285714285714,0.6257142857142857,0.00307,0.233046
666,38,98,15,3.7333333333333334,14,3.642857142857143,15,3.7333333333333334,3.6666666666666665,0.4412303321678321,0.2,0.29800000000000004,0.00834,0.291615
667,39,77,11,4.0,11,4.0,15,3.533333333333333,3.533333333333333,0.4484294871794871,0.0,0.2136363636363636,0.00479,0.131638
669,31,40,10,1.7,3,0.6666666666666666,6,1.5,1.3333333333333333,0.4686814227439228,0.7,0.712,0.00193,0.080899
672,52,292,15,5.533333333333333,18,5.277777777777778,15,5.533333333333333,5.133333333333334,0.4686814227439228,0.4666666666666667,0.7893333333333333,0.01702,0.379023
673,52,367,15,7.0,21,9.285714285714286,15,6.933333333333334,6.8,0.48408813408813406,0.4,0.7253333333333335,0.023509,0.398964
674,41,121,15,4.0,16,3.75,15,4.0,3.8,0.48408813408813406,0.3333333333333333,0.4793333333333333,0.01198,0.402393
675,31,63,13,2.6923076923076925,10,2.5,15,2.6666666666666665,2.6666666666666665,0.4538612429237429,0.23076923076923078,0.4192307692307692,0.00437,0.171947
678,40,152,15,5.0,15,4.6,15,5.0,4.6,0.4538612429237429,0.4,0.5153333333333333,0.01155,0.389853
679,30,70,15,2.7333333333333334,14,2.2142857142857144,15,2.7333333333333334,2.466666666666667,0.4484294871794871,0.3333333333333333,0.46066666666666667,0.006859,0.173457
680,37,127,15,4.133333333333334,18,4.166666666666667,15,4.066666666666666,3.8,0.48408813408813406,0.3333333333333333,0.4719999999999999,0.01222,0.325074
681,50,96,15,2.8,2,0.5,4,1.25,2.4,0.4412303321678321,0.8666666666666667,0.8059999999999999,0.00308,0.247736
683,41,115,15,3.2666666666666666,23,3.130434782608696,15,3.2666666666666666,3.0,0.4412303321678321,0.5333333333333333,0.7146666666666666,0.01262,0.351574
686,33,40,8,1.625,1,0.0,2,0.5,1.2666666666666666,0.4412303321678321,0.875,0.7462499999999999,0.00145,0.073049
688,45,142,15,4.2,16,3.9375,15,4.2,4.0,0.4538612429237429,0.3333333333333333,0.462,0.01187,0.386413
689,33,95,15,3.8666666666666667,14,3.857142857142857,15,3.8666666666666667,3.6666666666666665,0.4412303321678321,0.06666666666666667,0.3646666666666667,0.00743,0.291875
691,30,106,14,4.928571428571429,19,4.315789473684211,15,4.8,3.2666666666666666,0.4538612429237429,0.35714285714285715,0.5214285714285715,0.008799,0.134388
695,52,184,15,5.733333333333333,17,5.294117647058823,15,5.733333333333333,4.866666666666666,0.4412303321678321,0.4,0.49733333333333335,0.01101,0.287465
696,46,124,15,3.6666666666666665,11,2.5454545454545454,15,3.6666666666666665,3.2666666666666666,0.48408813408813406,0.5333333333333333,0.4706666666666667,0.01141,0.395363
697,34,107,15,3.8666666666666667,13,3.3846153846153846,15,3.8666666666666667,3.6,0.4412303321678321,0.4,0.44400000000000006,0.00698,0.328184
702,44,173,15,4.4,21,4.190476190476191,15,4.4,4.066666666666666,0.4412303321678321,0.4,0.6253333333333335,0.01775,0.502521
704,47,80,13,2.6153846153846154,7,2.0,14,2.5714285714285716,2.466666666666667,0.48408813408813406,0.46153846153846156,0.5176923076923077,0.0037,0.251056
708,51,73,13,2.3076923076923075,5,1.6,9,2.111111111111111,2.1333333333333333,0.4412303321678321,0.6153846153846154,0.6815384615384616,0.00329,0.171987
709,36,107,14,4.142857142857143,14,3.642857142857143,15,4.133333333333334,3.7333333333333334,0.4686814227439228,0.42857142857142855,0.5357142857142857,0.00751,0.312724
711,41,139,15,5.066666666666666,16,5.0625,15,5.066666666666666,5.0,0.4412303321678321,0.06666666666666667,0.2406666666666667,0.00958,0.333234
712,41,91,10,3.2,8,2.625,15,3.1333333333333333,3.066666666666667,0.48408813408813406,0.2,0.48,0.00839,0.275285
716,47,289,15,6.4,12,5.25,15,6.4,6.066666666666666,0.4538612429237429,0.2,0.53,0.013069,0.331935
717,32,108,15,4.333333333333333,12,3.25,15,4.333333333333333,3.7333333333333334,0.4538612429237429,0.6,0.6373333333333335,0.00523,0.173587
718,46,152,15,4.266666666666667,22,4.136363636363637,15,4.266666666666667,3.3333333333333335,0.4484294871794871,0.4666666666666667,0.6766666666666664,0.013619,0.490892
719,32,123,15,4.8,18,4.777777777777778,15,4.8,4.533333333333333,0.4484294871794871,0.2,0.3446666666666666,0.00878,0.272345
720,45,375,15,6.533333333333333,21,6.904761904761905,15,6.533333333333333,4.933333333333334,0.4686814227439228,0.6666666666666666,0.9333333333333333,0.026419,0.291755
721,33,63,9,3.0,11,2.727272727272727,15,2.7333333333333334,2.6666666666666665,0.4686814227439228,0.2222222222222222,0.5533333333333333,0.00554,0.158347
725,44,137,15,4.933333333333334,15,4.733333333333333,15,4.933333333333334,4.733333333333333,0.4686814227439228,0.13333333333333333,0.3173333333333333,0.010199,0.341215
726,31,74,15,2.933333333333333,15,2.2666666666666666,15,2.7333333333333334,2.2666666666666666,0.4538612429237429,0.8,0.8986666666666667,0.00766,0.209346
727,42,93,15,2.6666666666666665,15,2.066666666666667,15,2.6666666666666665,2.066666666666667,0.4686814227439228,0.8,0.8699999999999999,0.00873,0.362124
729,33,124,15,4.866666666666666,21,4.428571428571429,15,4.866666666666666,4.066666666666666,0.4538612429237429,0.5333333333333333,0.494,0.00925,0.234526
732,36,85,11,2.909090909090909,16,2.6875,15,2.8,2.6,0.48408813408813406,1.0,1.01,0.00968,0.277475
735,33,64,13,2.5384615384615383,10,2.4,15,2.466666666666667,2.3333333333333335,0.4412303321678321,0.23076923076923078,0.3892307692307692,0.00554,0.212007
737,49,187,15,4.933333333333334,13,4.153846153846154,15,4.933333333333334,4.533333333333333,0.48408813408813406,0.4,0.5993333333333332,0.00927,0.388923
740,47,138,15,4.0,16,3.875,15,4.0,3.6666666666666665,0.4484294871794871,0.3333333333333333,0.43000000000000005,0.010579,0.347604
741,44,166,15,5.533333333333333,17,5.588235294117647,15,5.533333333333333,5.266666666666667,0.4484294871794871,0.13333333333333333,0.314,0.010819,0.384314
743,42,143,15,4.466666666666667,18,3.888888888888889,15,4.466666666666667,3.1333333333333333,0.48408813408813406,0.4666666666666667,0.6953333333333335,0.01207,0.460142
744,35,133,15,4.466666666666667,16,4.25,15,4.466666666666667,4.066666666666666,0.4484294871794871,0.4666666666666667,0.6513333333333333,0.00943,0.309034
747,42,166,15,5.466666666666667,16,5.5625,15,5.466666666666667,5.333333333333333,0.48408813408813406,0.06666666666666667,0.232,0.01116,0.291535
748,52,340,15,7.0,19,7.7894736842105265,15,7.0,6.933333333333334,0.4686814227439228,0.4,0.6093333333333333,0.02212,0.295955
750,42,200,15,5.466666666666667,18,5.666666666666667,15,5.466666666666667,5.333333333333333,0.4686814227439228,0.3333333333333333,0.4666666666666667,0.01175,0.397053
752,41,67,13,2.3846153846153846,5,1.6,10,2.1,2.066666666666667,0.4484294871794871,0.6153846153846154,0.6515384615384614,0.00304,0.194347
757,37,155,15,4.866666666666666,13,4.461538461538462,15,4.8,4.666666666666667,0.4538612429237429,0.4,0.4886666666666667,0.00804,0.332605
758,44,149,15,4.066666666666666,11,2.5454545454545454,15,4.066666666666666,3.3333333333333335,0.48408813408813406,0.5333333333333333,0.7020000000000001,0.008129,0.474792
759,31,30,15,0.9333333333333333,1,0.0,2,0.5,0.9333333333333333,0.4538612429237429,0.9333333333333333,0.9386666666666666,0.0014,0.051919
760,47,483,15,6.866666666666666,21,8.571428571428571,15,6.866666666666666,6.2,0.4538612429237429,0.8,1.0033333333333334,0.02723,0.223426
761,36,71,15,2.6,11,2.1818181818181817,15,2.6,2.6,0.4538612429237429,0.4,0.46266666666666667,0.00607,0.209756
762,43,145,15,4.866666666666666,16,4.8125,15,4.866666666666666,4.866666666666666,0.48408813408813406,0.06666666666666667,0.2686666666666666,0.010719,0.367474
764,50,158,15,4.2,13,3.6923076923076925,15,4.2,3.8,0.4484294871794871,0.4,0.5673333333333335,0.00886,0.315564
766,37,75,13,2.923076923076923,7,1.7142857142857142,13,2.769230769230769,2.466666666666667,0.4538612429237429,0.46153846153846156,0.6323076923076922,0.00297,0.251545
769,34,159,15,5.466666666666667,17,5.588235294117647,15,5.466666666666667,5.2,0.48408813408813406,0.26666666666666666,0.382,0.011269,0.279616
779,31,124,15,5.4,16,5.4375,15,5.4,5.4,0.4484294871794871,0.06666666666666667,0.18866666666666668,0.008919,0.190247
780,35,63,12,2.1666666666666665,5,1.2,10,1.9,2.066666666666667,0.4484294871794871,0.5833333333333334,0.5325000000000001,0.002269,0.178257
782,31,62,11,3.3636363636363638,11,3.3636363636363638,15,3.0,3.0,0.4412303321678321,0.0,0.19545454545454544,0.00463,0.147397
783,52,197,15,5.066666666666666,14,4.928571428571429,15,5.066666666666666,4.933333333333334,0.4538612429237429,0.06666666666666667,0.4826666666666667,0.01069,0.355334
784,37,71,10,2.7,6,2.3333333333333335,12,2.5833333333333335,2.3333333333333335,0.48408813408813406,0.4,0.457,0.00239,0.172347
788,34,95,14,3.142857142857143,17,3.1176470588235294,15,3.1333333333333333,2.8666666666666667,0.4686814227439228,0.35714285714285715,0.5407142857142857,0.010659,0.286235
789,32,68,14,2.5,10,1.9,15,2.4,2.2,0.4484294871794871,0.8571428571428571,0.75,0.005969,0.210657
790,48,153,15,4.133333333333334,20,3.35,15,4.133333333333334,3.3333333333333335,0.4686814227439228,0.4666666666666667,0.7053333333333335,0.01377,0.506801
792,43,42,15,0.9333333333333333,1,0.0,2,0.5,0.9333333333333333,0.4412303321678321,0.9333333333333333,0.9339999999999999,0.00477,0.089259
793,42,243,15,6.0,25,6.52,15,5.933333333333334,5.4,0.4484294871794871,0.8,0.7886666666666666,0.016039,0.384834
794,41,128,15,3.8666666666666667,15,3.466666666666667,15,3.7333333333333334,3.466666666666667,0.4412303321678321,0.9333333333333333,0.6973333333333334,0.00866,0.333664
795,41,288,15,6.8,20,7.5,15,6.8,6.266666666666667,0.4412303321678321,0.4666666666666667,0.6266666666666667,0.01602,0.276915
796,41,99,15,2.6666666666666665,6,1.1666666666666667,11,2.090909090909091,2.066666666666667,0.4538612429237429,0.7333333333333333,0.716,0.00292,0.373064
797,43,233,15,5.666666666666667,18,5.5,15,5.6,5.266666666666667,0.4686814227439228,0.3333333333333333,0.5946666666666667,0.01422,0.411873
798,48,152,15,4.666666666666667,15,4.333333333333333,15,4.666666666666667,4.333333333333333,0.48408813408813406,0.26666666666666666,0.3600000000000001,0.011389,0.391394
799,46,135,15,3.8666666666666667,19,3.473684210526316,15,3.8666666666666667,3.3333333333333335,0.4538612429237429,0.5333333333333333,0.6080000000000002,0.01158,0.396103
800,38,150,15,4.866666666666666,24,4.875,15,4.866666666666666,4.533333333333333,0.4412303321678321,0.6,0.5953333333333333,0.011539,0.382194
801,48,254,15,5.266666666666667,20,4.75,15,5.2,4.066666666666666,0.4538612429237429,0.4666666666666667,0.692,0.01961,0.437423
806,35,44,9,1.7777777777777777,1,0.0,2,0.5,1.4,0.4484294871794871,0.8888888888888888,0.8011111111111111,0.00145,0.100548
811,41,219,15,5.266666666666667,10,2.4,15,4.933333333333334,2.8,0.48408813408813406,0.8666666666666667,0.9626666666666668,0.01157,0.348084
812,35,60,10,2.3,7,2.142857142857143,13,2.1538461538461537,2.066666666666667,0.4484294871794871,0.3,0.359,0.0029,0.173367
813,30,65,15,2.8666666666666667,8,2.0,15,2.7333333333333334,2.6666666666666665,0.4538612429237429,0.7333333333333333,0.6733333333333336,0.00281,0.126988
816,42,85,12,2.5833333333333335,9,1.7777777777777777,15,2.466666666666667,2.4,0.4686814227439228,0.5833333333333334,0.7350000000000002,0.01146,0.390483
818,31,103,15,4.6,17,4.294117647058823,15,4.6,4.6,0.4686814227439228,0.13333333333333333,0.25,0.008729,0.225027
819,41,144,15,3.8666666666666667,25,3.48,15,3.533333333333333,2.8,0.48408813408813406,0.8,1.0146666666666666,0.0175,0.378993
820,37,57,15,2.0,3,0.6666666666666666,6,1.3333333333333333,1.6666666666666667,0.4412303321678321,0.8,0.6946666666666667,0.00262,0.123717
823,32,146,15,5.0,20,5.3,15,5.0,4.866666666666666,0.4412303321678321,0.3333333333333333,0.3939999999999999,0.010339,0.215787
825,34,166,15,5.733333333333333,18,6.055555555555555,15,5.733333333333333,5.733333333333333,0.4686814227439228,0.2,0.3106666666666667,0.01164,0.235546
833,34,46,9,2.111111111111111,4,1.25,8,2.0,1.6666666666666667,0.48408813408813406,0.5555555555555556,0.5177777777777778,0.00253,0.101308
835,32,119,15,4.4,18,3.7777777777777777,15,4.4,3.8,0.48408813408813406,0.6,0.6146666666666666,0.01128,0.336454
836,51,153,13,3.8461538461538463,24,3.625,15,3.6666666666666665,2.8666666666666667,0.4484294871794871,1.3076923076923077,1.146923076923077,0.015259,0.370414
838,43,126,15,3.933333333333333,14,3.7142857142857144,15,3.933333333333333,3.6666666666666665,0.48408813408813406,0.2,0.4033333333333334,0.00913,0.391673
842,48,149,15,4.0,17,3.588235294117647,15,4.0,3.4,0.4686814227439228,0.26666666666666666,0.5839999999999999,0.010769,0.467492
843,37,105,11,4.090909090909091,16,3.25,15,3.6666666666666665,3.2666666666666666,0.48408813408813406,0.6363636363636364,0.7945454545454546,0.01059,0.374134
844,38,114,15,4.6,15,4.466666666666667,15,4.6,4.466666666666667,0.4538612429237429,0.13333333333333333,0.32599999999999996,0.00857,0.308855
845,42,115,15,3.3333333333333335,20,3.05,15,3.3333333333333335,2.7333333333333334,0.4412303321678321,0.6,0.8353333333333333,0.01181,0.434013
850,38,136,15,4.133333333333334,15,3.8,15,4.066666666666666,3.8,0.4484294871794871,0.5333333333333333,0.6066666666666667,0.008949,0.381034
852,42,95,9,3.2222222222222223,14,2.7142857142857144,15,3.066666666666667,2.7333333333333334,0.4412303321678321,1.2222222222222223,1.3322222222222222,0.00742,0.295355
855,50,175,15,4.866666666666666,21,4.333333333333333,15,4.866666666666666,4.4,0.4538612429237429,0.5333333333333333,0.7293333333333332,0.015509,0.462892
860,34,72,9,3.3333333333333335,11,3.272727272727273,15,3.066666666666667,3.0,0.4686814227439228,0.2222222222222222,0.27111111111111114,0.00675,0.227196
861,47,97,15,3.0,8,1.875,15,2.8666666666666667,2.933333333333333,0.4538612429237429,0.4666666666666667,0.5753333333333333,0.00318,0.299615
864,36,67,15,2.533333333333333,8,1.875,15,2.3333333333333335,2.3333333333333335,0.4484294871794871,0.7333333333333333,0.648,0.00261,0.202986
865,35,87,14,3.4285714285714284,9,3.0,15,3.4,3.3333333333333335,0.4484294871794871,0.35714285714285715,0.3721428571428572,0.00464,0.185037
869,34,157,15,5.933333333333334,16,6.0,15,5.933333333333334,5.6,0.4412303321678321,0.06666666666666667,0.2853333333333333,0.00892,0.280575
873,34,74,13,3.5384615384615383,13,3.5384615384615383,15,3.4,3.3333333333333335,0.4484294871794871,0.0,0.13307692307692306,0.0058,0.196397
877,50,210,15,5.066666666666666,16,4.875,15,5.066666666666666,4.666666666666667,0.48408813408813406,0.4666666666666667,0.5233333333333333,0.01547,0.413043
879,50,115,12,3.5,6,2.5,12,3.5,3.2,0.4686814227439228,0.5,0.6375000000000001,0.00391,0.239866
880,33,57,13,2.1538461538461537,8,1.875,15,2.0,2.0,0.4412303321678321,0.38461538461538464,0.5253846153846153,0.00316,0.136928
883,35,136,15,5.133333333333334,19,4.631578947368421,15,5.133333333333334,4.133333333333334,0.4538612429237429,0.4,0.4740000000000001,0.01123,0.315075
885,39,84,15,3.0,9,2.888888888888889,15,3.0,2.8666666666666667,0.4686814227439228,0.4,0.4866666666666666,0.00581,0.293605
886,36,132,15,4.133333333333334,19,3.736842105263158,15,4.133333333333334,3.3333333333333335,0.4484294871794871,0.5333333333333333,0.6726666666666666,0.01211,0.311534
887,46,212,14,5.0,26,5.3076923076923075,15,4.533333333333333,4.133333333333334,0.4686814227439228,1.1428571428571428,1.0850000000000002,0.0169,0.430502
889,42,54,13,1.7692307692307692,1,0.0,2,0.5,1.4,0.4686814227439228,0.9230769230769231,0.8915384615384614,0.00174,0.119588
892,35,158,15,5.4,19,5.578947368421052,15,5.4,5.333333333333333,0.4686814227439228,0.26666666666666666,0.33866666666666667,0.01205,0.279815
893,33,92,14,3.5,17,3.3529411764705883,15,3.466666666666667,3.1333333333333333,0.4686814227439228,0.35714285714285715,0.4449999999999999,0.00937,0.265856
895,33,75,15,2.8,20,2.9,15,2.8,2.8,0.4686814227439228,0.3333333333333333,0.39199999999999996,0.0097,0.198446
901,37,68,12,2.8333333333333335,7,2.7142857142857144,13,2.4615384615384617,2.533333333333333,0.4412303321678321,0.4166666666666667,0.35333333333333333,0.00255,0.143647
902,33,130,13,5.0,21,4.761904761904762,15,4.933333333333334,4.4,0.4686814227439228,0.6153846153846154,0.6946153846153847,0.01037,0.278406
903,51,175,15,4.0,9,2.3333333333333335,15,4.0,3.6666666666666665,0.4686814227439228,0.4,0.5093333333333334,0.0092,0.297245
905,39,170,15,5.8,19,5.894736842105263,15,5.8,5.4,0.4412303321678321,0.26666666666666666,0.3553333333333334,0.012849,0.305725
909,43,177,14,5.571428571428571,28,5.107142857142857,15,5.333333333333333,5.066666666666666,0.48408813408813406,1.0,0.7528571428571428,0.01454,0.338984
911,32,92,15,3.8666666666666667,15,3.6666666666666665,15,3.8666666666666667,3.6666666666666665,0.4538612429237429,0.4,0.4893333333333334,0.008729,0.253576
916,37,76,12,2.5833333333333335,10,1.8,15,2.466666666666667,2.466666666666667,0.4484294871794871,0.6666666666666666,0.6208333333333332,0.006,0.277085
917,38,123,15,3.6666666666666665,12,2.8333333333333335,15,3.6666666666666665,3.2666666666666666,0.4412303321678321,0.6,0.594,0.00676,0.252226
920,39,116,15,3.8666666666666667,13,3.6153846153846154,15,3.8666666666666667,3.533333333333333,0.4538612429237429,0.13333333333333333,0.42466666666666664,0.00764,0.393093
924,49,274,15,5.733333333333333,21,6.476190476190476,15,5.733333333333333,5.533333333333333,0.48408813408813406,0.5333333333333333,0.6306666666666667,0.01847,0.352954
925,48,227,15,5.666666666666667,15,5.2,15,5.666666666666667,5.2,0.4412303321678321,0.4,0.5419999999999999,0.01156,0.425263
926,46,108,13,4.3076923076923075,13,4.153846153846154,15,4.2,4.2,0.4484294871794871,0.15384615384615385,0.3223076923076923,0.00686,0.235756
927,36,181,15,5.466666666666667,17,5.176470588235294,15,5.466666666666667,5.133333333333334,0.4538612429237429,0.4,0.49733333333333335,0.012859,0.303285
928,31,43,15,1.7333333333333334,1,0.0,2,0.5,1.4666666666666666,0.48408813408813406,0.9333333333333333,0.7986666666666665,0.00165,0.093668
929,32,103,15,3.6,18,3.388888888888889,15,3.6,3.3333333333333335,0.48408813408813406,0.4666666666666667,0.5546666666666666,0.010769,0.311675
930,44,172,15,5.733333333333333,25,4.76,15,5.733333333333333,5.133333333333334,0.4686814227439228,0.6666666666666666,0.6633333333333333,0.014319,0.393374
932,46,233,15,6.266666666666667,13,3.769230769230769,15,6.266666666666667,3.8666666666666667,0.48408813408813406,0.5333333333333333,0.522,0.01202,0.234506
933,32,71,15,2.8,17,2.588235294117647,15,2.7333333333333334,2.533333333333333,0.4538612429237429,0.4,0.5686666666666667,0.009249,0.227337
934,40,92,11,3.272727272727273,14,2.9285714285714284,15,3.2,2.933333333333333,0.48408813408813406,0.45454545454545453,0.610909090909091,0.0091,0.316345
939,35,111,12,4.5,20,3.9,15,4.2,3.8666666666666667,0.4484294871794871,0.6666666666666666,0.6275000000000001,0.011629,0.289745
943,37,108,15,3.4,19,2.9473684210526314,15,3.4,2.6,0.4686814227439228,0.6666666666666666,0.7286666666666668,0.0111,0.407433
944,49,133,15,3.6666666666666665,12,3.0833333333333335,15,3.6666666666666665,3.4,0.4538612429237429,0.3333333333333333,0.49533333333333324,0.00888,0.367833
946,46,122,13,3.5384615384615383,12,2.8333333333333335,15,3.3333333333333335,3.066666666666667,0.4686814227439228,0.6923076923076923,0.8130769230769234,0.00884,0.386943
949,30,49,15,1.8666666666666667,9,1.6666666666666667,15,1.7333333333333334,1.8666666666666667,0.4484294871794871,0.4,0.39533333333333337,0.00336,0.086938
950,30,62,14,2.4285714285714284,12,2.1666666666666665,15,2.2666666666666666,2.2666666666666666,0.48408813408813406,0.2857142857142857,0.4892857142857143,0.00693,0.168817
952,38,82,10,2.7,14,2.4285714285714284,15,2.6666666666666665,2.466666666666667,0.48408813408813406,0.6,0.799,0.00817,0.252866
953,32,84,13,3.230769230769231,17,3.1176470588235294,15,3.1333333333333333,3.0,0.4686814227439228,0.3076923076923077,0.403076923076923,0.0097,0.247586
954,30,49,9,2.3333333333333335,5,1.4,10,2.3,2.066666666666667,0.4484294871794871,0.4444444444444444,0.3933333333333333,0.00255,0.103888
959,34,46,11,1.6363636363636365,1,0.0,2,0.5,1.0666666666666667,0.4412303321678321,0.9090909090909091,0.9054545454545455,0.0016,0.082599
961,30,42,14,1.8571428571428572,4,1.5,8,1.75,1.4666666666666666,0.4686814227439228,0.7142857142857143,0.7642857142857142,0.00157,0.067548
963,49,274,15,6.133333333333334,15,6.0,15,6.133333333333334,6.0,0.4538612429237429,0.13333333333333333,0.48399999999999993,0.01699,0.367233
966,50,75,13,2.3846153846153846,5,1.2,10,2.1,2.2666666666666666,0.4686814227439228,0.6153846153846154,0.5923076923076922,0.00355,0.185537
967,43,164,15,4.266666666666667,17,4.411764705882353,15,4.266666666666667,4.266666666666667,0.4412303321678321,0.26666666666666666,0.526,0.01072,0.430343
969,39,155,15,4.533333333333333,18,4.722222222222222,15,4.533333333333333,4.533333333333333,0.48408813408813406,0.3333333333333333,0.504,0.01229,0.380434
970,33,88,13,3.8461538461538463,13,3.6923076923076925,15,3.7333333333333334,3.6,0.4538612429237429,0.3076923076923077,0.4476923076923077,0.006839,0.256876
973,35,131,15,4.266666666666667,18,3.6666666666666665,15,4.266666666666667,3.2,0.4538612429237429,0.6,0.66,0.011749,0.369474
974,30,38,8,1.625,2,0.5,4,1.25,1.3333333333333333,0.4484294871794871,0.75,0.7675,0.00226,0.068408
976,52,178,15,4.533333333333333,19,3.5789473684210527,15,4.533333333333333,3.7333333333333334,0.48408813408813406,0.6666666666666666,0.8180000000000001,0.015359,0.418103
977,50,115,14,3.2142857142857144,4,1.25,8,2.75,2.7333333333333334,0.48408813408813406,0.7142857142857143,0.7564285714285715,0.0043,0.268155
978,48,150,15,3.6666666666666665,18,3.388888888888889,15,3.6666666666666665,3.066666666666667,0.4484294871794871,0.3333333333333333,0.6559999999999999,0.013349,0.487312
980,33,82,15,3.4,17,3.411764705882353,15,3.4,3.2666666666666666,0.4538612429237429,0.13333333333333333,0.2653333333333333,0.00907,0.211926
983,32,49,8,2.375,8,2.125,15,2.066666666666667,1.9333333333333333,0.4686814227439228,0.25,0.4075,0.00356,0.153717
984,46,184,15,6.133333333333334,21,6.0476190476190474,15,6.133333333333334,5.733333333333333,0.4686814227439228,0.4,0.3926666666666666,0.01462,0.339614
985,42,163,15,4.466666666666667,19,3.789473684210526,15,4.466666666666667,3.6,0.4538612429237429,0.4,0.6753333333333333,0.0165,0.482742
986,52,142,15,3.6666666666666665,6,1.6666666666666667,12,3.1666666666666665,2.8666666666666667,0.4686814227439228,0.7333333333333333,0.776,0.00435,0.298774
987,32,47,15,1.9333333333333333,3,1.0,6,1.6666666666666667,1.8666666666666667,0.4484294871794871,0.8,0.6966666666666668,0.00175,0.122738
988,30,95,15,3.8666666666666667,17,3.588235294117647,15,3.8666666666666667,3.4,0.48408813408813406,0.4,0.582,0.00909,0.273035
994,30,44,15,1.7333333333333334,1,0.0,2,0.5,1.6,0.4484294871794871,0.9333333333333333,0.7753333333333333,0.00135,0.073839
998,49,138,15,3.4,8,1.5,15,2.8666666666666667,2.6666666666666665,0.4686814227439228,0.7333333333333333,0.776,0.00756,0.374253
999,30,176,15,6.066666666666666,21,6.714285714285714,15,6.066666666666666,5.733333333333333,0.4538612429237429,0.4,0.5100000000000001,0.00902,0.197937
1000,32,142,15,5.933333333333334,18,5.944444444444445,15,5.933333333333334,5.933333333333334,0.4412303321678321,0.2,0.24999999999999994,0.01137,0.186176
1003,40,82,9,3.0,10,2.1,15,2.533333333333333,2.6,0.48408813408813406,0.7777777777777778,1.0155555555555555,0.00635,0.258046
1008,48,237,15,6.066666666666666,17,6.411764705882353,15,6.066666666666666,6.0,0.4538612429237429,0.13333333333333333,0.39866666666666656,0.01603,0.344874
1012,34,156,15,5.133333333333334,16,5.0625,15,5.133333333333334,5.0,0.4686814227439228,0.3333333333333333,0.43200000000000005,0.011019,0.271436
1017,41,110,15,3.0,10,1.8,15,2.8666666666666667,2.7333333333333334,0.4412303321678321,0.7333333333333333,0.7033333333333333,0.005159,0.281706
1020,39,147,15,3.8666666666666667,20,3.75,15,3.6666666666666665,3.066666666666667,0.48408813408813406,0.6,0.6793333333333333,0.01486,0.435622
1021,38,119,14,4.142857142857143,19,4.2631578947368425,15,4.066666666666666,3.7333333333333334,0.48408813408813406,0.35714285714285715,0.42071428571428576,0.01302,0.360113
1025,33,66,11,2.3636363636363638,4,1.25,8,2.125,2.2,0.48408813408813406,0.8181818181818182,0.8327272727272728,0.00317,0.126698
1026,44,110,15,3.2,10,2.2,15,3.1333333333333333,2.933333333333333,0.4412303321678321,0.6,0.6119999999999999,0.00565,0.405493
1027,37,58,15,1.9333333333333333,3,1.0,6,1.8333333333333333,1.6,0.4412303321678321,0.8,0.8233333333333331,0.002609,0.117049
1031,50,179,15,4.333333333333333,14,3.7857142857142856,15,4.333333333333333,3.933333333333333,0.4686814227439228,0.6,0.6066666666666667,0.01076,0.363274
1033,52,329,15,5.8,16,5.6875,15,5.8,5.2,0.4484294871794871,0.2,0.4893333333333334,0.016779,0.309415
1036,43,102,15,2.7333333333333334,18,2.388888888888889,15,2.6666666666666665,2.4,0.48408813408813406,0.8666666666666667,0.8306666666666669,0.01486,0.380343
1041,46,90,15,2.8,7,1.8571428571428572,13,2.769230769230769,2.6666666666666665,0.4538612429237429,0.5333333333333333,0.5266666666666667,0.00327,0.297915
1043,41,141,15,3.8,7,1.8571428571428572,13,3.5384615384615383,3.533333333333333,0.4484294871794871,0.5333333333333333,0.5966666666666668,0.00342,0.218846
1046,36,176,15,5.6,17,5.117647058823529,15,5.6,4.933333333333334,0.48408813408813406,0.26666666666666666,0.4486666666666667,0.01382,0.304764
1048,51,265,15,6.333333333333333,12,4.833333333333333,15,6.333333333333333,5.866666666666666,0.4686814227439228,0.3333333333333333,0.49066666666666664,0.01246,0.269075
1052,34,60,10,2.6,8,2.5,15,2.4,2.2666666666666666,0.4412303321678321,0.2,0.28700000000000003,0.00267,0.170977
1053,47,304,15,5.666666666666667,14,5.071428571428571,15,5.466666666666667,5.266666666666667,0.48408813408813406,0.4666666666666667,0.6586666666666667,0.015119,0.341694
1054,41,175,15,4.8,21,4.333333333333333,15,4.733333333333333,4.266666666666667,0.4484294871794871,0.6666666666666666,0.7539999999999999,0.01732,0.475852
1055,38,171,15,5.266666666666667,18,5.055555555555555,15,5.266666666666667,4.733333333333333,0.4538612429237429,0.3333333333333333,0.544,0.01314,0.366564
1056,42,101,15,3.1333333333333333,12,2.9166666666666665,15,3.1333333333333333,3.0,0.48408813408813406,0.2,0.46199999999999997,0.00731,0.378424
1057,44,50,13,1.4615384615384615,1,0.0,2,0.5,0.9333333333333333,0.4484294871794871,0.9230769230769231,0.9030769230769231,0.00173,0.092138
1061,37,210,15,6.133333333333334,16,5.3125,15,6.133333333333334,5.066666666666666,0.48408813408813406,0.6,0.48800000000000004,0.01254,0.333624
1062,41,147,15,4.066666666666666,15,3.8,15,4.0,3.8,0.48408813408813406,0.5333333333333333,0.6273333333333334,0.01123,0.428043
1063,51,197,15,5.2,20,5.25,15,5.2,4.666666666666667,0.4686814227439228,0.4666666666666667,0.578,0.015869,0.380724
1064,36,176,15,4.733333333333333,18,4.777777777777778,15,4.733333333333333,4.4,0.4412303321678321,0.8666666666666667,0.8526666666666667,0.01245,0.333664
